gauge,CO2_model,non_CO2_model,evidence_ratio,lat,lon,state,status,parent_catchment,river_di,binned_evidence_ratio,impact_of_CO2_term
314213,550.794228843644,546.7942558945351,-7.388956159330352,-40.872222,145.297778,TAS,no_nested,NA,0.120588,Weak,No CO2 Term
204051,436.4180600854448,432.4181220629247,-7.388827124940543,-28.7211,152.4174,NSW,sub_catchment,204007,0.114121,Weak,No CO2 Term
919309A,512.2702953398363,508.27036877516525,-7.388784795028691,-16.545278,143.784722,QLD,no_nested,NA,0.132702,Weak,No CO2 Term
222217,486.167099787843,482.1672050314792,-7.388667283594651,-37.41,148.36,VIC,no_nested,NA,0.064107,Weak,No CO2 Term
204007,551.4809695675328,547.4810843741171,-7.3886319549584645,-29.51,152.68,NSW,main_catchment,204007,0.106548,Weak,No CO2 Term
G8140008,431.0716987418221,427.071949808028,-7.388128586008614,-14.0712,131.9762,NT,sub_catchment,G8140040,0.016213,Weak,No CO2 Term
221207,625.3276307561898,621.327924348317,-7.387971494191593,-37.447222,148.914167,VIC,sub_catchment,221212,0.072498,Weak,No CO2 Term
136304A,562.5762516711925,558.5765525529778,-7.387944566347438,-26.1816,151.5461,QLD,no_nested,NA,0.486478,Weak,No CO2 Term
304040,705.1347130123108,701.1350396649356,-7.387849370194145,-42.4417,146.515,TAS,no_nested,NA,0.078661,Weak,No CO2 Term
130324A,501.71635557827744,497.7168616537295,-7.387186625511527,-25.7447,149.3299,QLD,sub_catchment,130302A,0.387256,Weak,No CO2 Term
318076,664.1983158076108,660.1994225975222,-7.384968163783669,-41.494444,147.384167,TAS,no_nested,NA,0.115667,Weak,No CO2 Term
G8140001,559.8089706930779,555.810147013179,-7.3847114291279095,-14.463333,132.256944,NT,sub_catchment,G8140040,0.248796,Weak,No CO2 Term
605012,494.90664218452,490.9079437935836,-7.384248832200893,-34.9062,116.7885,WA,no_nested,NA,0.090256,Weak,No CO2 Term
145018A,587.8817603456353,583.884339120938,-7.379534880831147,-28.219722,152.608333,QLD,no_nested,NA,0.042143,Weak,No CO2 Term
G8140040,479.4908529335988,475.4938436950629,-7.37801490426463,-13.8308,130.7358,NT,main_catchment,G8140040,0.107009,Weak,No CO2 Term
314214,594.7342649869156,590.7388708891338,-7.372059043198901,-40.8733,145.1183,TAS,no_nested,NA,0.320397,Weak,No CO2 Term
616002,299.76366144041555,295.77037988584556,-7.36427625764562,-32.068333,116.2925,WA,no_nested,NA,0.012149,Weak,No CO2 Term
237200,561.9838056541045,557.9918087735849,-7.35954742925471,-38.31991057,142.2264285,VIC,no_nested,NA,0.476065,Weak,No CO2 Term
616006,287.0143471940484,283.022769630499,-7.358004599429284,-31.3442,116.0916,WA,sub_catchment,616019,0.221634,Weak,No CO2 Term
112002A,877.876461631574,873.8856353474031,-7.3552411599293075,-17.564167,145.9075,QLD,no_nested,NA,0.217037,Weak,No CO2 Term
120301B,365.9305562776113,361.9399461797888,-7.354446151533446,-21.53,146.86,QLD,no_nested,NA,0.109075,Weak,No CO2 Term
138009A,566.5666105666776,562.5779000310331,-7.347464353773303,-26.078611,152.783889,QLD,sub_catchment,138903A,0.185968,Weak,No CO2 Term
116011A,803.3741622844307,799.3866238812192,-7.343159514722209,-17.605,145.4775,QLD,sub_catchment,116006B,0.223361,Weak,No CO2 Term
410141,368.37083411916115,364.38439391343,-7.339128501897049,-35.7053,149.1488,NSW,sub_catchment,410761,0.078082,Weak,No CO2 Term
405214,676.2354295449361,672.2504413091724,-7.333802338402393,-37.159,146.11,VIC,no_nested,NA,0.627669,Weak,No CO2 Term
116013A,795.9378940545984,791.957724051352,-7.316155620982957,-17.651944,145.341111,QLD,sub_catchment,116006B,0.154051,Weak,No CO2 Term
614006,356.7431197756863,352.7639075072624,-7.3126529911951295,-32.7722,116.0843,WA,main_catchment,614006,0.120014,Weak,No CO2 Term
403214,604.2544714811672,600.278692116433,-7.3001119406113455,-36.577778,146.820278,VIC,sub_catchment,403209A,0.100645,Weak,No CO2 Term
224201,676.3163162635576,672.3410537451666,-7.2982256662696035,-37.49,147.17,VIC,sub_catchment,224203,0.064531,Weak,No CO2 Term
G8140067,456.81709745016946,452.8443089168416,-7.289203397016982,-14.3633,131.5737,NT,sub_catchment,G8140040,0.128114,Weak,No CO2 Term
121002A,584.7675193461814,580.7951845597266,-7.287549857971858,-19.94,147.84,QLD,no_nested,NA,0.094815,Weak,No CO2 Term
215207,396.96571123912696,392.9976335258928,-7.272054538327595,-34.818901,150.182923,NSW,main_catchment,215207,0.111963,Weak,No CO2 Term
403205,650.9247559279062,646.9578510840929,-7.267791203336085,-36.72564366,146.9525954,VIC,sub_catchment,403209A,0.053135,Weak,No CO2 Term
145010A,688.6408880018766,684.6751829274093,-7.263432674225002,-28.246389,152.891111,QLD,no_nested,NA,0.232396,Weak,No CO2 Term
G8170002,518.5460129488474,514.5804804166291,-7.262806076749269,-13.240556,131.108333,NT,no_nested,NA,0.043145,Weak,No CO2 Term
234203,418.43897903405366,414.4736929327956,-7.261911241741531,-38.354,143.42,VIC,no_nested,NA,0.4825,Weak,No CO2 Term
227236,412.0083355396381,408.0438854278762,-7.258876435292148,-38.559,145.71,VIC,no_nested,NA,0.198385,Weak,No CO2 Term
224206,622.5080549623275,618.5469254789144,-7.246834419387444,-37.406389,147.088056,VIC,sub_catchment,224203,0.038675,Weak,No CO2 Term
315450,744.1729825343939,740.2146982085244,-7.236532555923302,-41.611667,146.130556,TAS,no_nested,NA,0.008511,Weak,No CO2 Term
215004,401.2686054908933,397.3118787310394,-7.230899061253025,-35.146944,150.033056,NSW,sub_catchment,215207,0.055289,Weak,No CO2 Term
405215,534.9683824595351,531.0129189833651,-7.226333165008186,-37.229444,146.207222,VIC,no_nested,NA,0.453968,Weak,No CO2 Term
616013,221.769692756597,217.81549066042783,-7.221777025848345,-31.939722,116.403611,WA,sub_catchment,616216,0.021687,Weak,No CO2 Term
236209,482.6096696091562,478.6565961153175,-7.217702918277485,-38.33543732,142.6251911,VIC,main_catchment,236209,0.590519,Weak,No CO2 Term
136203A,626.091082244185,622.1388788102388,-7.214563684244945,-26.733889,151.820556,QLD,no_nested,NA,0.143268,Weak,No CO2 Term
416008,309.34567396921244,305.4023086378747,-7.182752496589141,-29.219167,151.383056,NSW,no_nested,NA,0.175842,Weak,No CO2 Term
A5060500,367.27562249041347,363.3349949696441,-7.172926715557761,-34.13,138.63,SA,no_nested,NA,0.282316,Weak,No CO2 Term
204046,557.4970501574793,553.5579046684953,-7.16761343172127,-29.0573,152.3849,NSW,sub_catchment,204007,0.074567,Weak,No CO2 Term
227225,659.3584935257918,655.4217529273028,-7.15899994867319,-38.469722,146.555278,VIC,sub_catchment,227200,0.104902,Weak,No CO2 Term
116015A,748.5605411541011,744.6307801213507,-7.134060135867839,-17.735278,145.438056,QLD,sub_catchment,116006B,0.03147,Weak,No CO2 Term
116006B,666.2997447941457,662.3728985544774,-7.123670554011326,-18.492778,145.922222,QLD,main_catchment,116006B,0.132119,Weak,No CO2 Term
403224,481.1367349785843,477.2135627930695,-7.110596190973945,-36.513,146.45,VIC,sub_catchment,403209A,0.140072,Weak,No CO2 Term
421048,344.0215016674794,340.09927293785063,-7.107242715085644,-32.7072,148.5511,NSW,no_nested,NA,0.129937,Weak,No CO2 Term
204014,423.6614194345446,419.7403907940287,-7.102979332020912,-29.6947,152.1049,NSW,sub_catchment,204007,0.156254,Weak,No CO2 Term
227202,606.0916171923216,602.170775892261,-7.102314025490139,-38.582,145.99,VIC,main_catchment,227202,0.187268,Weak,No CO2 Term
226218,682.3683526531738,678.4504435913879,-7.091908816479982,-38.27191618,146.1865277,VIC,no_nested,NA,0.195311,Weak,No CO2 Term
410033,520.4264454119965,516.5176823634997,-7.059551511813034,-36.17,149.09,NSW,sub_catchment,410761,0.297846,Weak,No CO2 Term
125005A,642.1992854399256,638.2929056343829,-7.051144208769403,-21.3228,148.8351,QLD,no_nested,NA,0.28418,Weak,No CO2 Term
421026,402.1097331695001,398.2053762031253,-7.044016148764915,-33.0819,149.689,NSW,no_nested,NA,0.152075,Weak,No CO2 Term
145101D,767.2055105319206,763.3022671658172,-7.0400951313303475,-28.053056,153.045278,QLD,sub_catchment,N/A,0.113484,Weak,No CO2 Term
410057,722.9842123454004,719.0830970933255,-7.0326080527703345,-35.33,148.348889,NSW,no_nested,NA,0.254553,Weak,No CO2 Term
138903A,501.4648989896563,497.5759572911796,-6.9899321483479575,-25.82,152.72,QLD,main_catchment,138903A,0.184226,Weak,No CO2 Term
130302A,594.8111649301962,590.9236595453752,-6.984914082943894,-25.64,149.79,QLD,main_catchment,130302A,0.411511,Weak,No CO2 Term
401212,728.6016001100159,724.7144614164256,-6.983633546966973,-36.446111,147.829444,VIC,no_nested,NA,0.025154,Weak,No CO2 Term
226220,593.2164285113454,589.3296060230787,-6.982529503192791,-37.866667,146.006111,VIC,sub_catchment,226204,0.135273,Weak,No CO2 Term
218007,556.0986746467316,552.2131860714073,-6.977874012632596,-36.2586,149.6914,NSW,sub_catchment,218008,0.006838,Weak,No CO2 Term
222206,676.2515025021702,672.379669886452,-6.930391519034187,-37.494722,148.174722,VIC,no_nested,NA,0.036454,Weak,No CO2 Term
403222,618.7176851773146,614.8509601811688,-6.91271519793853,-36.910833,146.700556,VIC,sub_catchment,403209A,0.018487,Weak,No CO2 Term
140002A,539.95066963633,536.0889639601385,-6.8953883845721995,-26.0572,153.0426,QLD,no_nested,NA,0.024429,Weak,No CO2 Term
226209,615.1015850942152,611.24309516729,-6.884310372916706,-38.206,146,VIC,sub_catchment,226402,0.221471,Weak,No CO2 Term
226222,392.14435751004856,388.28618259716984,-6.88322613107276,-37.881944,145.8925,VIC,sub_catchment,226204,0.139098,Weak,No CO2 Term
616019,324.8506857298939,320.9945122133813,-6.876341544460861,-31.6744,116.1178,WA,main_catchment,616019,0.388562,Weak,No CO2 Term
206014,645.2239543732978,641.370485573207,-6.867048552655587,-30.476389,152.028333,NSW,no_nested,NA,0.18532,Weak,No CO2 Term
236205,481.10510981566256,477.2552401910695,-6.854701809065628,-38.316,142.48,VIC,no_nested,NA,0.290915,Weak,No CO2 Term
236212,438.6386526202004,434.7954948970053,-6.831736324808484,-38.346,142.65,VIC,no_nested,NA,0.233585,Weak,No CO2 Term
209002,664.498777669845,660.6563085559361,-6.829384531161532,-32.2453,151.9778,NSW,sub_catchment,209003,0.057605,Weak,No CO2 Term
403230,589.1893105939428,585.3490139914702,-6.821970100875623,-36.5334707,146.6683095,VIC,sub_catchment,403209A,0.243154,Weak,No CO2 Term
137201A,647.3608276980178,643.5244063890484,-6.808764330860758,-25.266944,152.368611,QLD,no_nested,NA,0.143823,Weak,No CO2 Term
223204,624.2201081858702,620.3852116349108,-6.803575450083247,-37.59294631,147.697124,VIC,no_nested,NA,0.129622,Weak,No CO2 Term
919003A,575.5989172334496,571.7730716241268,-6.772855631173639,-16.471389,144.290556,QLD,main_catchment,919003A,0.100555,Weak,No CO2 Term
204002,567.0137502661026,563.1899437945737,-6.765953757294897,-28.89,152.56,NSW,sub_catchment,204007,0.123779,Weak,No CO2 Term
204030,435.97596390091985,432.15425979091674,-6.758845253677959,-30.2603,152.0083,NSW,sub_catchment,204007,0.390412,Weak,No CO2 Term
116014A,769.6377746820912,765.8177875624189,-6.753045307672992,-17.625,145.298889,QLD,sub_catchment,116006B,0.117174,Weak,No CO2 Term
405245,482.4398966481267,478.6201271834255,-6.7523104307205,-37.038611,146.053889,VIC,no_nested,NA,0.246765,Weak,No CO2 Term
412028,535.1700409498964,531.3509175391074,-6.750129604687019,-33.954722,149.325278,NSW,main_catchment,412028,0.144278,Weak,No CO2 Term
107001B,463.0744756854695,459.2581242926079,-6.740780345124486,-15.423333,145.067222,QLD,no_nested,NA,0.058167,Weak,No CO2 Term
604001,331.0824521547963,327.26628302187413,-6.7401660860047015,-34.6227,117.0353,WA,sub_catchment,604053,0.145005,Weak,No CO2 Term
G8140011,332.1514769528707,328.3425697391571,-6.715737192222563,-15.0841,132.4109,NT,sub_catchment,G8140040,0.020942,Weak,No CO2 Term
609005,379.6147077506074,375.8099771720597,-6.7017272338743155,-33.9075,117.1422,WA,no_nested,NA,0.266893,Weak,No CO2 Term
316624,613.3698711246367,609.5706724454703,-6.683216205592727,-41.6894,146.2154,TAS,no_nested,NA,0.064329,Weak,No CO2 Term
A5030502,486.2753192516092,482.47963775087544,-6.6714735019656235,-35.099167,138.673889,SA,no_nested,NA,0.208642,Weak,No CO2 Term
809316,482.8513782160773,479.0586782543962,-6.6615352822113225,-17.3738,128.8537,WA,main_catchment,809316,0.039173,Weak,No CO2 Term
915011A,328.84101451614714,325.05180154208557,-6.6499310555714946,-20.1775,144.524444,QLD,no_nested,NA,0.106953,Weak,No CO2 Term
401208,590.0700224293696,586.2867397560135,-6.630242214768567,-36.213333,147.677778,VIC,no_nested,NA,0.099481,Weak,No CO2 Term
209003,563.1976546819399,559.4165569283882,-6.623002896059592,-32.48,151.96,NSW,main_catchment,209003,0.095707,Weak,No CO2 Term
203005,574.8087647025849,571.0308166952445,-6.6125807158796706,-28.5065,152.9658,NSW,no_nested,NA,0.081592,Weak,No CO2 Term
402206,483.418561009117,479.645652888908,-6.59593836335361,-36.54,147.044444,VIC,no_nested,NA,0.06241,Weak,No CO2 Term
112101B,658.9508796195616,655.1807959566352,-6.586629964621516,-17.6089,145.9791,QLD,no_nested,NA,0.056195,Weak,No CO2 Term
424002,331.25973032483336,327.499735485849,-6.553487950842452,-29.2387,144.4553,NSW,main_catchment,424002,0.355058,Weak,No CO2 Term
404204,481.57673856550974,477.82112839452213,-6.53913625400455,-36.12376902,145.8319105,VIC,no_nested,NA,0.510794,Weak,No CO2 Term
145102B,681.7872425823,678.0328478860672,-6.535163383840157,-27.91,153.11,QLD,main_catchment,145102B,0.173326,Weak,No CO2 Term
424201A,431.4704756458246,427.7187338357112,-6.5265006083350485,-28.6891,144.7859,QLD,sub_catchment,424002,0.339726,Weak,No CO2 Term
410088,666.2132348521193,662.46300740216,-6.521560742521595,-35.42,148.73,NSW,sub_catchment,410024,0.008351,Weak,No CO2 Term
108002A,662.4024783678668,658.6624696703402,-6.48832461541334,-16.179444,145.281944,QLD,no_nested,NA,0.045517,Weak,No CO2 Term
410026,513.8195016176545,510.0861251830331,-6.46684411384947,-34.8367,148.9103,NSW,no_nested,NA,0.69625,Weak,No CO2 Term
707002,459.51175049214214,455.7832843974896,-6.450986386960472,-21.6162,115.9225,WA,no_nested,NA,0.042532,Weak,No CO2 Term
304499,638.6293459566598,634.900912516373,-6.4508810613859255,-42.706389,146.711111,TAS,no_nested,NA,0.08807,Weak,No CO2 Term
412029,526.8470584457241,523.1235334909144,-6.435068445319769,-34.1441,148.8101,NSW,no_nested,NA,0.1934,Weak,No CO2 Term
416020,388.1261792780783,384.4071283014332,-6.420689356392486,-29.234,150.7581,NSW,no_nested,NA,0.165128,Weak,No CO2 Term
237207,435.391033507871,431.6741557710415,-6.413716296734715,-38.243,141.66,VIC,no_nested,NA,0.124646,Weak,No CO2 Term
422306A,765.1391169903643,761.4272605715782,-6.397633839282938,-28.164444,152.283333,QLD,no_nested,NA,0.06651,Weak,No CO2 Term
418015,514.9552041341731,511.2444949430642,-6.393965120293125,-29.83,150.35,NSW,main_catchment,418015,0.129798,Weak,No CO2 Term
238231,423.64532859169105,419.93482134027704,-6.39331955520226,-37.312,142.37,VIC,no_nested,NA,0.020584,Weak,No CO2 Term
138110A,775.1587714798881,771.4513166614751,-6.383569407714692,-26.63,152.7,QLD,no_nested,NA,0.257367,Weak,No CO2 Term
602004,315.91394668013436,312.218898112575,-6.344093888387341,-34.8861,118,WA,no_nested,NA,0.232153,Weak,No CO2 Term
221210,556.2293852273739,552.538367502392,-6.331320742465615,-37.416389,149.518611,VIC,no_nested,NA,0.060192,Weak,No CO2 Term
709010,362.82686355920765,359.1402650435124,-6.31734647124775,-21.2305,118.8338,WA,no_nested,NA,0.08288,Weak,No CO2 Term
221201,731.2646629863427,727.5869367881487,-6.289383788725625,-37.373,149.2,VIC,no_nested,NA,0.125127,Weak,No CO2 Term
208007,641.7890872879339,638.1429443203191,-6.190844355698862,-31.516389,151.716389,NSW,sub_catchment,208004,0.147635,Weak,No CO2 Term
410734,605.3139320546894,601.6738094446365,-6.172236827427213,-35.613889,149.348889,NSW,no_nested,NA,0.076393,Weak,No CO2 Term
A0030501,355.427720851909,351.79972330964364,-6.134930631761893,-27.7013,140.8433,SA,main_catchment,A0030501,0.479383,Weak,No CO2 Term
415207,527.5524570236279,523.9305044320078,-6.116415949501442,-37.185278,143.184722,VIC,sub_catchment,415201,0.144031,Weak,No CO2 Term
809315,516.0671748627822,512.4529621776428,-6.0927914481204075,-17.1775,129.0925,NT,no_nested,NA,0.026634,Weak,No CO2 Term
410091,351.269418973123,347.65879957153066,-6.081854712127631,-35.69,146.72,NSW,no_nested,NA,0.17223,Weak,No CO2 Term
405205,535.326367707736,531.7161257064889,-6.080707173367508,-37.413889,145.564167,VIC,no_nested,NA,0.132,Weak,No CO2 Term
403217,549.4161505749239,545.8092306297622,-6.0706153319692335,-36.824722,146.583611,VIC,sub_catchment,403209A,0.031016,Weak,No CO2 Term
608002,457.2566197029786,453.6515179288304,-6.065099131282671,-34.392778,115.842222,WA,no_nested,NA,0.050723,Weak,No CO2 Term
129001A,803.7201036057519,800.1159779561584,-6.062139707438586,-22.835,150.6653,QLD,no_nested,NA,0.068135,Weak,No CO2 Term
405217,481.6844881585969,478.0808555258125,-6.060645523223147,-37.383056,145.473333,VIC,no_nested,NA,0.16527,Weak,No CO2 Term
421042,372.4949146693776,368.891895604395,-6.058786499921373,-32.0939,149.0598,NSW,no_nested,NA,0.160233,Weak,No CO2 Term
308799,545.0816158920546,541.4827345874372,-6.04626455427026,-42.164167,145.928056,TAS,sub_catchment,308145,0.004677,Weak,No CO2 Term
105101A,685.3779570938831,681.7802247598594,-6.042792061726413,-15.281389,144.838611,QLD,main_catchment,105101A,0.06953,Weak,No CO2 Term
130413A,625.6447513495493,622.0515181980436,-6.02921352832586,-21.7696,148.7869,QLD,no_nested,NA,0.105336,Weak,No CO2 Term
201001,718.2032443021592,714.6354095494025,-5.953131456830131,-28.3553,153.292,NSW,no_nested,NA,0.128224,Weak,No CO2 Term
208026,419.5222361471134,415.9722196117451,-5.900329918181463,-31.6417,151.7342,NSW,sub_catchment,208004,0.119124,Weak,No CO2 Term
145011A,682.3628705904565,678.8180949492779,-5.884888656129831,-28.147778,152.570833,QLD,no_nested,NA,0.094864,Weak,No CO2 Term
G8110004,404.7624581587066,401.2314212639129,-5.844601691275532,-15.766944,130.033611,NT,no_nested,NA,0.010827,Weak,No CO2 Term
919201A,622.3087415034178,618.7953253176255,-5.793334849605267,-16.108056,144.778611,QLD,no_nested,NA,0.016392,Weak,No CO2 Term
701007,311.3008250551828,307.78974914647137,-5.786559809860893,-28.7629,114.6688,WA,no_nested,NA,0.29871,Weak,No CO2 Term
238223,446.8939667594986,443.38408266455934,-5.783112586237499,-37.496,141.43,VIC,no_nested,NA,0.192394,Weak,No CO2 Term
405218,729.9899146998408,726.4809443044638,-5.7804711759280245,-37.291667,146.1875,VIC,no_nested,NA,0.598175,Weak,No CO2 Term
401203,628.0064314155499,624.4974675166313,-5.780452399663059,-36.948056,147.606944,VIC,main_catchment,401203,0.211253,Weak,No CO2 Term
912101A,439.07302525738874,435.5652453119419,-5.777031518960579,-18.643611,139.253056,QLD,main_catchment,912101A,0.099146,Weak,No CO2 Term
225221,425.9837461279088,422.47603339232455,-5.776837385475186,-37.76935073,146.6677493,VIC,main_catchment,225221,0.053659,Weak,No CO2 Term
227219,553.6333685935967,550.1538878786668,-5.695864342007374,-38.358,145.72,VIC,sub_catchment,227231,0.203736,Weak,No CO2 Term
135002A,658.7755319836715,655.3130422438348,-5.647680161276644,-24.7533,151.5872,QLD,no_nested,NA,0.085686,Weak,No CO2 Term
405241,594.7003091137855,591.2769848062776,-5.5381591035160325,-37.291,145.83,VIC,no_nested,NA,0.61207,Weak,No CO2 Term
405209,567.6982133724808,564.2911462841427,-5.49332404057613,-37.317778,145.713889,VIC,no_nested,NA,0.146156,Weak,No CO2 Term
221002,559.2438946313615,555.8396208649426,-5.485657084665297,-37.3719,149.7125,NSW,no_nested,NA,0.117783,Weak,No CO2 Term
405227,540.5834220182118,537.1794537033479,-5.484819347395471,-37.3675,146.056944,VIC,main_catchment,405227,0.125635,Weak,No CO2 Term
235227,448.62430786942,445.22040515136194,-5.484639457030842,-38.5241,143.4829,VIC,sub_catchment,235224,0.168899,Weak,No CO2 Term
210006,402.2820914457411,398.8784658388434,-5.48387958227246,-32.342778,150.101389,NSW,sub_catchment,210031,0.176925,Weak,No CO2 Term
402217,400.4458202309551,397.0481714172429,-5.467516037772014,-36.385833,146.876389,VIC,sub_catchment,402204,0.103361,Weak,No CO2 Term
G8150010,550.9997942327645,547.6079778606743,-5.451594779953266,-13.025,130.9512,NT,sub_catchment,G8150180,0.057251,Weak,No CO2 Term
206018,594.4982740566277,591.1114827786705,-5.437914584744876,-31.049722,151.766111,NSW,no_nested,NA,0.28981,Weak,No CO2 Term
616001,410.9716514661697,407.59231325182657,-5.417687734488975,-31.7337,116.1164,WA,no_nested,NA,0.168492,Weak,No CO2 Term
226402,631.2189766525995,627.8421805711622,-5.4108058679386835,-38.176,146.21,VIC,main_catchment,226402,0.695874,Weak,No CO2 Term
915206A,529.6077602782275,526.2335862060947,-5.403716924107738,-20.2013,140.2233,QLD,no_nested,NA,0.059603,Weak,No CO2 Term
A0020101,376.9360126755944,373.5680431015056,-5.386979224244877,-25.9088,139.3667,QLD,no_nested,NA,0.136643,Weak,No CO2 Term
136208A,565.759345430198,562.3957817760709,-5.375124986596008,-25.902778,151.844167,QLD,no_nested,NA,0.192682,Weak,No CO2 Term
219017,644.7083125889604,641.3463297971979,-5.3708779988948185,-36.6,149.8094,NSW,no_nested,NA,0.082195,Weak,No CO2 Term
403233,509.83947339445245,506.47819056704714,-5.368998616206074,-36.72149292,146.8820491,VIC,sub_catchment,403209A,0.024844,Weak,No CO2 Term
912105A,364.36526457357,361.01034804335467,-5.351935467480967,-18.970833,138.803333,QLD,sub_catchment,912101A,0.107161,Weak,No CO2 Term
405219,551.61170048169,548.2573344229174,-5.350462626360364,-37.3325,146.130278,VIC,main_catchment,405219,0.627162,Weak,No CO2 Term
116010A,802.8547478966987,799.5101969977256,-5.32426912943123,-18.204444,145.537778,QLD,sub_catchment,116006B,0.059981,Weak,No CO2 Term
401220,401.3402143477253,398.0035939005847,-5.303199001011158,-36.213,147.34,VIC,no_nested,NA,0.079653,Weak,No CO2 Term
221211,541.9160349038909,538.5870040025374,-5.283112700771111,-37.44,148.98,VIC,sub_catchment,221212,0.120868,Weak,No CO2 Term
221212,507.2695086790011,503.96363475058865,-5.222295019632043,-37.606,148.9,VIC,main_catchment,221212,0.104237,Weak,No CO2 Term
604053,531.5882967531828,528.284264775157,-5.217487629550121,-34.889167,117.087222,WA,main_catchment,604053,0.054168,Weak,No CO2 Term
114001A,727.4093011626687,724.1152412196951,-5.191537891471351,-18.1069,145.8054,QLD,no_nested,NA,0.025184,Weak,No CO2 Term
238219,444.36368983936967,441.07404191096134,-5.180097944017718,-37.70876208,141.8325532,VIC,no_nested,NA,0.565782,Weak,No CO2 Term
612034,575.7119900714381,572.4275870178739,-5.166531257987066,-33.387,116.1634,WA,no_nested,NA,0.407001,Weak,No CO2 Term
225219,572.6804538125318,569.4011295750134,-5.153427971396861,-37.516111,146.566111,VIC,sub_catchment,225221,0.021747,Weak,No CO2 Term
212040,381.4646385787499,378.1861243414777,-5.1513412550228015,-34.6089,149.5431,NSW,no_nested,NA,0.186956,Weak,No CO2 Term
206025,476.0029655315471,472.7306384039658,-5.1354299223023006,-30.681,151.7133,NSW,no_nested,NA,0.342858,Weak,No CO2 Term
203010,630.3700333836135,627.0980139565454,-5.134639895865618,-28.7381,153.163,NSW,no_nested,NA,0.20715,Weak,No CO2 Term
701009,227.60288565715211,224.3513895607096,-5.082219360743054,-29.238,115.0351,WA,no_nested,NA,0.234399,Weak,No CO2 Term
708011,340.81069546191344,337.5610303498385,-5.077568757762126,-23.4014,119.7943,WA,no_nested,NA,0.047927,Weak,No CO2 Term
227211,685.4093817718435,682.1635814217257,-5.067766434439248,-38.64,146.37,VIC,no_nested,NA,0.143744,Weak,No CO2 Term
307473,613.5424557394352,610.3112500594953,-5.0309198490648175,-43.1412,145.95,TAS,no_nested,NA,5e-6,Weak,No CO2 Term
111005A,724.2313896979099,721.0204562413514,-4.980183452847393,-17.1832,145.7248,QLD,sub_catchment,111007A,0.031076,Weak,No CO2 Term
403200,576.8400624433477,573.6308847160988,-4.975813444238711,-36.35066081,146.3209358,VIC,sub_catchment,403209A,0.33915,Weak,No CO2 Term
137101A,570.1769454284585,566.9680832302212,-4.975028499409357,-25.086667,152.240833,QLD,no_nested,NA,0.618001,Weak,No CO2 Term
220003,669.1016039264143,665.9145054646917,-4.92118438829247,-36.9414,149.8194,NSW,no_nested,NA,0.097411,Weak,No CO2 Term
126003A,600.2468639256823,597.0652283661306,-4.907760755198038,-21.915556,149.398611,QLD,no_nested,NA,0.163813,Weak,No CO2 Term
224214,455.9848643563332,452.8165218696182,-4.875249308549628,-37.494444,147.393333,VIC,sub_catchment,224203,0.122853,Weak,No CO2 Term
130403A,727.9565550160091,724.8048846057552,-4.834777963630364,-22.0383,149.1286,QLD,no_nested,NA,0.104747,Weak,No CO2 Term
403223,561.7520397206868,558.616144639576,-4.796792860588513,-36.5163133,146.3894165,VIC,sub_catchment,403209A,0.265919,Weak,No CO2 Term
401013,460.1411266301456,457.0142800444072,-4.775139999974147,-35.8972,147.6917,NSW,no_nested,NA,0.132516,Weak,No CO2 Term
917107A,570.9926113296962,567.8671586093533,-4.771813208181411,-18.133611,144.306667,QLD,no_nested,NA,0.075641,Weak,No CO2 Term
809321,527.928026320109,524.8055246856027,-4.764777385100706,-16.1863,128.3,WA,no_nested,NA,0.016892,Weak,No CO2 Term
208011,529.0338604274855,525.9188776027152,-4.746898286247182,-31.77,151.9,NSW,sub_catchment,208004,0.100977,Weak,No CO2 Term
403209A,510.8771097465293,507.7713092838969,-4.725154370022171,-36.3325,146.344722,VIC,main_catchment,403209A,0.340268,Weak,No CO2 Term
235224,518.0936485644002,515.0500701638969,-4.580413144368002,-38.7,143.25,VIC,main_catchment,235224,0.366771,Weak,No CO2 Term
218008,501.1233471345255,498.10165105420185,-4.530571272039081,-36.13,150,NSW,main_catchment,218008,0.084407,Weak,No CO2 Term
418025,465.8250238262429,462.8440274804832,-4.439306510338785,-29.9361,150.5716,NSW,no_nested,NA,0.165758,Weak,No CO2 Term
A5130501,431.25500583097454,428.2767901605571,-4.433138663951936,-35.955,136.697778,SA,no_nested,NA,0.005389,Weak,No CO2 Term
121003A,460.678975361082,457.7260804936924,-4.37736713839915,-20.15,148.15,QLD,main_catchment,121003A,0.198114,Weak,No CO2 Term
204017,592.4729812906394,589.5252696036537,-4.366037483864951,-30.3073,152.7135,NSW,sub_catchment,204007,0.189639,Weak,No CO2 Term
G8150098,624.39309248098,621.4465146735107,-4.363562905164421,-12.7813,130.9413,NT,no_nested,NA,0.034971,Weak,No CO2 Term
235202,752.6214733037084,749.6801942644227,-4.352017451943327,-38.564,143.66,VIC,sub_catchment,235224,0.266967,Weak,No CO2 Term
227231,494.089931108257,491.1548317963776,-4.338591064718391,-38.467,145.51,VIC,main_catchment,227231,0.358404,Weak,No CO2 Term
403232,553.5812241603448,550.6706355729341,-4.285744547671998,-36.751111,146.979722,VIC,sub_catchment,403209A,0.079015,Weak,No CO2 Term
143009A,609.3427421212531,606.4372400265808,-4.274858691985795,-26.996389,152.408611,QLD,main_catchment,143009A,0.209326,Weak,No CO2 Term
225213,648.0457105762457,645.1533356417671,-4.246892195130363,-37.854,146.43,VIC,no_nested,NA,0.125007,Weak,No CO2 Term
225020A,415.1407478760444,412.26226308205855,-4.2174994161079304,-37.833333,146.354167,VIC,no_nested,NA,0.124996,Weak,No CO2 Term
111007A,689.4079817420162,686.5324967961219,-4.211178229155988,-17.13,145.76,QLD,main_catchment,111007A,0.047731,Weak,No CO2 Term
105105A,689.4034549302778,686.5397773029297,-4.186390110052792,-15.771111,145.014167,QLD,sub_catchment,105101A,0.092598,Weak,No CO2 Term
231231,306.1966324137123,303.33983544206365,-4.172012301935259,-37.72796,144.57898,VIC,no_nested,NA,0.219601,Weak,No CO2 Term
420017,349.7836666692236,346.932102486527,-4.161110939345743,-31.4197,149.3103,NSW,main_catchment,420017,0.196286,Weak,No CO2 Term
136202D,616.2951446306441,613.4472191164159,-4.153547370178041,-26.301111,152.044444,QLD,no_nested,NA,0.27052,Weak,No CO2 Term
612001,418.9387341254518,416.0913790530241,-4.152362860589234,-33.3303,116.2632,WA,main_catchment,612001,0.085516,Weak,No CO2 Term
401012,554.9257423302782,552.0885240883382,-4.131370206053626,-36.318333,148.051944,NSW,no_nested,NA,0.01841,Weak,No CO2 Term
925001A,691.3869745696979,688.5602950595128,-4.109657760511955,-12.454444,142.637778,QLD,no_nested,NA,0.023478,Weak,No CO2 Term
410061,704.6034737348963,701.7805649459896,-4.101916873004895,-35.332222,148.069167,NSW,no_nested,NA,0.21061,Weak,No CO2 Term
410047,464.8361564774001,462.0247380564576,-4.078418172703857,-35.1639,147.6543,NSW,no_nested,NA,0.356722,Weak,No CO2 Term
203030,475.819932312089,473.0251775947112,-4.044578566037233,-29.1116,152.9984,NSW,no_nested,NA,0.324829,Weak,No CO2 Term
705001,369.661513994413,366.87187928457416,-4.034237671673925,-23.8163,114.0103,WA,no_nested,NA,0.117522,Weak,No CO2 Term
405264,516.2624039988101,513.4775887041574,-4.024528041907031,-37.520556,146.076667,VIC,sub_catchment,405227,0.127733,Weak,No CO2 Term
225223,511.3523845123861,508.58659077264537,-3.9864330947729623,-37.74346413,146.9922931,VIC,sub_catchment,225201,0.106667,Weak,No CO2 Term
204906,552.8615689434781,550.1086975830876,-3.960759026251499,-30.07,152.98,NSW,sub_catchment,204041,0.208177,Weak,No CO2 Term
225218,616.2804442006528,613.5365552932384,-3.9430102471279462,-37.812,147.09,VIC,sub_catchment,225201,0.121229,Weak,No CO2 Term
420003,352.1289866900086,349.4015274555303,-3.9107517433322396,-31.3861,149.2011,NSW,sub_catchment,420017,0.089408,Weak,No CO2 Term
410062,680.2229611658609,677.5200792897425,-3.862987848469837,-36.1793,149.3485,NSW,sub_catchment,410761,0.097031,Weak,No CO2 Term
609002,531.511380976308,528.8096640764594,-3.860738359097059,-34.2761,115.3022,WA,no_nested,NA,0.077673,Weak,No CO2 Term
204037,587.4372457941016,584.7429263533488,-3.846484908131243,-30.0938,152.6282,NSW,sub_catchment,204007,0.117857,Weak,No CO2 Term
143107A,532.8468551848231,530.1586897177398,-3.8346675150141825,-27.6,152.69,QLD,main_catchment,143107A,0.241306,Weak,No CO2 Term
G0010005,334.60076211619287,331.9216126462105,-3.8174197450850076,-20.045278,137.020833,NT,no_nested,NA,0.093899,Weak,No CO2 Term
233223,418.34659859971725,415.6717001970638,-3.8093143081466945,-37.928637,143.8663116,VIC,no_nested,NA,0.219409,Weak,No CO2 Term
415245,306.1155221633101,303.44277044980123,-3.805227794820674,-37.165,143.09,VIC,sub_catchment,415201,0.19282,Weak,No CO2 Term
226407,511.6135172213303,508.9470782391066,-3.793236039684655,-38.4075,146.304722,VIC,no_nested,NA,0.157274,Weak,No CO2 Term
222004,664.6974563988799,662.044609844557,-3.7675437998643218,-36.9969,149.0925,NSW,no_nested,NA,0.130683,Weak,No CO2 Term
A5090503,236.68311180420932,234.031612470847,-3.7650067974474695,-32.09,138.29,SA,no_nested,NA,0.178194,Weak,No CO2 Term
143303A,782.0386173416429,779.3897760656491,-3.7600063190427457,-26.838889000000002,152.840556,QLD,no_nested,NA,0.20973,Weak,No CO2 Term
208003,665.4159725603993,662.7893066565917,-3.718546818970886,-31.8981,152.0956,NSW,sub_catchment,208004,0.11568,Weak,No CO2 Term
204025,550.3717045773597,547.7573108067645,-3.6957994291334098,-30.2544,153.0323,NSW,sub_catchment,204041,0.284485,Weak,No CO2 Term
219022,569.0561631383312,566.4437197895005,-3.6921970021600194,-36.7319,149.6842,NSW,main_catchment,219022,0.081527,Weak,No CO2 Term
410730,665.9554107830038,663.342970931048,-3.692190546590342,-35.591944,148.822222,ACT,no_nested,NA,0.001362,Weak,No CO2 Term
210031,505.9253397356974,503.33422472835935,-3.6530319852815256,-32.35,150.57,NSW,main_catchment,210031,0.123227,Weak,No CO2 Term
612014,330.7318366115513,328.1513340609887,-3.633699499911828,-33.2776,116.2756,WA,sub_catchment,612001,0.08846,Weak,No CO2 Term
132001A,687.4747191863978,684.9122820049392,-3.601025228919596,-23.99,151.1,QLD,no_nested,NA,0.158752,Weak,No CO2 Term
419035,380.4171645407172,377.8608589616516,-3.5900021074476354,-31.2726,150.9147,NSW,no_nested,NA,0.182393,Weak,No CO2 Term
422321B,565.5456462714741,562.9900016788139,-3.5888158321922607,-28.353889,152.333056,QLD,sub_catchment,422394A,0.170978,Weak,No CO2 Term
130410A,511.7457927903165,509.1910430501751,-3.5872104609182056,-22.1742,148.3811,QLD,no_nested,NA,0.364764,Weak,No CO2 Term
G0060005,334.967756024019,332.4681189489554,-3.489709648676572,-23.533611,134.380556,NT,no_nested,NA,0.077231,Weak,No CO2 Term
219003,750.7659439899987,748.2708316576035,-3.4818235536041318,-36.6674,149.6469,NSW,main_catchment,219003,0.185358,Weak,No CO2 Term
124002A,629.3961360790195,626.9394923070944,-3.4154931374913127,-20.9075,148.7586,QLD,no_nested,NA,0.053567,Weak,No CO2 Term
804001,420.35051438744847,417.9183239725913,-3.3739872574545178,-17.008889,125.4275,WA,no_nested,NA,0.05501,Weak,No CO2 Term
136006A,656.6426071565342,654.2109918510547,-3.3730171910787097,-25.2731,151.5173,QLD,no_nested,NA,0.416013,Weak,No CO2 Term
222202,676.6726711438982,674.2445418722293,-3.3671430859123914,-37.512,148.55,VIC,no_nested,NA,0.104637,Weak,No CO2 Term
208015,626.6437604452002,624.2261497708389,-3.3494807612456,-31.7889,152.5128,NSW,no_nested,NA,0.096639,Weak,No CO2 Term
419016,488.5854021179928,486.23756537780434,-3.2346423650973968,-31.0614,151.1254,NSW,main_catchment,419016,0.141036,Weak,No CO2 Term
308145,682.4371075418532,680.104921339766,-3.209429196880583,-42.241667,145.767222,TAS,main_catchment,308145,0.004036,Weak,No CO2 Term
225224,541.0966975639072,538.7818577776629,-3.1817135158205194,-37.80184085,146.8849073,VIC,sub_catchment,225201,0.14658,Weak,No CO2 Term
614037,301.963383610899,299.6564454505554,-3.1691679597491116,-32.5113,116.1902,WA,no_nested,NA,0.06822,Weak,No CO2 Term
204041,535.3352091420151,533.0328424995369,-3.161932278437879,-29.7242,152.8092,NSW,main_catchment,204041,0.161449,Weak,No CO2 Term
219001,776.7547298377242,774.4582564576955,-3.152628943535718,-36.593889,149.4425,NSW,sub_catchment,219003,0.095433,Weak,No CO2 Term
410761,426.6173639038382,424.3307244650532,-3.137165607178283,-35.54,149.101944,ACT,main_catchment,410761,0.227066,Weak,No CO2 Term
207014,430.0183191694399,427.7316849715032,-3.137157386484474,-31.3326,152.7404,NSW,no_nested,NA,0.087755,Weak,No CO2 Term
421018,383.4552546025516,381.1740103517884,-3.128714212366168,-32.6808,148.9478,NSW,main_catchment,421018,0.241317,Weak,No CO2 Term
232215,393.1394012652935,390.87153291265497,-3.1078593469562015,-37.6337175,144.0807662,VIC,no_nested,NA,0.178829,Weak,No CO2 Term
207013,526.7617216964723,524.516030331385,-3.073588226633052,-31.481,152.4478,NSW,sub_catchment,207004,0.098795,Weak,No CO2 Term
003303A,434.3970736227515,432.15768617944167,-3.0639156485565566,-24.43,145.46,QLD,sub_catchment,A0030501,0.618367,Weak,No CO2 Term
314212,608.7537443758313,606.5564199941281,-3.0001497102858705,-41.06,145.8367,TAS,no_nested,NA,0.209657,Weak,No CO2 Term
926002A,633.5319712129767,631.3401603385228,-2.991890426333778,-11.831667,142.42,QLD,no_nested,NA,0.009575,Weak,No CO2 Term
143007A,499.8630542676588,497.6880168386208,-2.9669031978942053,-26.8061,152.2711,QLD,sub_catchment,143009A,0.169499,Weak,No CO2 Term
410731,539.4014799402554,537.2368188165487,-2.9515503121544646,-35.575,149.066111,ACT,no_nested,NA,0.056212,Weak,No CO2 Term
809322,514.0775902870128,511.9156535315459,-2.947532494315266,-16.6475,128.0925,WA,no_nested,NA,0.036486,Weak,No CO2 Term
211014,499.466003678576,497.3377121933687,-2.898361979052417,-33.2198,151.2734,NSW,sub_catchment,211009,0.095787,Weak,No CO2 Term
145107A,588.1569882722509,586.0839520121011,-2.819383178720974,-27.996667,153.158333,QLD,sub_catchment,145102B,0.080519,Weak,No CO2 Term
410024,693.2972431655002,691.2695461825182,-2.756187795661845,-35.1672,148.6855,NSW,main_catchment,410024,0.048587,Weak,No CO2 Term
704139,481.2967852647161,479.3108313664071,-2.6992580775430386,-24.8276,113.7691,WA,main_catchment,704139,0.096191,Weak,No CO2 Term
227237,450.5050018785328,448.5287498359183,-2.6861958788738796,-38.63,146.31,VIC,no_nested,NA,0.156544,Weak,No CO2 Term
607013,394.657379450141,392.68262089009744,-2.6841907342655014,-34.4275,116.016,WA,sub_catchment,607220,0.309425,Weak,No CO2 Term
225209,574.7196864859354,572.7466227894132,-2.6819170293265717,-37.62961037,146.6233123,VIC,sub_catchment,225221,0.046948,Weak,No CO2 Term
802055,445.4800967170191,443.5241364653255,-2.659079807322558,-18.2963,125.5263,WA,no_nested,NA,0.047622,Weak,No CO2 Term
221209,579.2715193407104,577.3264662140962,-2.644617819815198,-37.356,149.21,VIC,no_nested,NA,0.069539,Weak,No CO2 Term
410705,624.7091353429994,622.7967824176219,-2.601729620969906,-35.335556,149.316111,NSW,no_nested,NA,0.185333,Weak,No CO2 Term
143110A,550.4990263783798,548.5883370347774,-2.5995664257670397,-27.8275,152.510833,QLD,sub_catchment,143107A,0.228456,Weak,No CO2 Term
135004A,673.9924255976559,672.1192661124081,-2.551240579480815,-24.97,151.89,QLD,no_nested,NA,0.148509,Weak,No CO2 Term
422202B,576.3179944907655,574.4890873084156,-2.4954113645270573,-26.708889,150.178889,QLD,no_nested,NA,0.164403,Weak,No CO2 Term
318181,673.3734701274972,671.5478406291385,-2.4913251288484584,-41.5983,147.2033,TAS,main_catchment,318181,0.158655,Weak,No CO2 Term
416003,439.3555125438959,437.57785921990217,-2.4322740967203975,-29.029167,151.725833,NSW,no_nested,NA,0.223241,Weak,No CO2 Term
416032,472.46315034849226,470.687775898163,-2.4295042523595285,-29.017,151.5986,NSW,main_catchment,416032,0.237814,Weak,No CO2 Term
710003,375.5758237750573,373.8064931044631,-2.4221736398066294,-20.3114,119.249,WA,main_catchment,710003,0.060452,Weak,No CO2 Term
416010,442.98108959579906,441.211932740624,-2.421963143390419,-29.2642,150.8984,NSW,main_catchment,416010,0.450051,Weak,No CO2 Term
304497,709.222188920265,707.4738689197225,-2.3968610854566554,-42.030556,146.419722,TAS,no_nested,NA,0.006965,Weak,No CO2 Term
A2390519,345.93664688552394,344.2144135809229,-2.365800996406619,-37.0938,140.776,SA,no_nested,NA,0.525257,Weak,No CO2 Term
234209,394.2783037785886,392.55850446249576,-2.362923581441542,-38.33843869,143.5583248,VIC,no_nested,NA,0.292642,Weak,No CO2 Term
204056,572.4510508039762,570.7421277171368,-2.350108608379172,-29.4864,152.4456,NSW,sub_catchment,204007,0.013317,Weak,No CO2 Term
611004,364.2512704797026,362.5494073980352,-2.3418273439559965,-33.479,115.734,WA,main_catchment,611004,0.129211,Weak,No CO2 Term
227227,476.36197617868055,474.679662116208,-2.3190486368109218,-38.393333,145.957222,VIC,sub_catchment,227202,0.182923,Weak,No CO2 Term
410044,369.9110465886951,368.2314211792765,-2.315933172780838,-34.9319,148.1616,NSW,no_nested,NA,0.250717,Weak,No CO2 Term
404207,641.8640411790868,640.1864902214472,-2.3135322722889566,-36.612222,146.058611,VIC,no_nested,NA,0.395918,Weak,No CO2 Term
G9070142,325.9178158179051,324.2573447188262,-2.2938589940630383,-16.778056,135.760556,NT,no_nested,NA,0.076336,Weak,No CO2 Term
119003A,644.3330459569684,642.6859563532305,-2.2785625915899406,-19.63,147.11,QLD,no_nested,NA,0.212862,Weak,No CO2 Term
704193,407.45395188881866,405.8126054922509,-2.272028848732706,-24.9497,114.6442,WA,sub_catchment,704139,0.096354,Weak,No CO2 Term
403221,575.5215087127773,573.8809729266051,-2.2711081702213196,-36.311667,146.601111,VIC,sub_catchment,403209A,0.168857,Weak,No CO2 Term
235209,714.0623662325806,712.4495059574407,-2.2398975709567517,-38.66849499,143.5812749,VIC,sub_catchment,235219,0.163358,Weak,No CO2 Term
607007,319.86393679728087,318.2580497377399,-2.2321015253901133,-34.2503,116.679,WA,sub_catchment,607220,0.166352,Weak,No CO2 Term
612230,423.2701779902396,421.68021630780623,-2.214398571215233,-33.3814,116.5811,WA,sub_catchment,612001,0.127963,Weak,No CO2 Term
603004,328.61560059238985,327.0801601497952,-2.1548480729888686,-34.9108,117.4783,WA,main_catchment,603004,0.115125,Weak,No CO2 Term
401216,671.4022855432655,669.8697288546083,-2.1517432860795958,-36.933056,147.4725,VIC,sub_catchment,401203,0.042804,Weak,No CO2 Term
146010A,746.7142351370856,745.1890748113118,-2.1438004450777837,-28.025833,153.193056,QLD,no_nested,NA,0.14418,Weak,No CO2 Term
410038,534.7298624197366,533.2501631618748,-2.0956203701252325,-35.0192,148.2457,NSW,no_nested,NA,0.204863,Weak,No CO2 Term
210014,578.0444710250252,576.5837213968665,-2.075858522879382,-32.1531,151.0474,NSW,no_nested,NA,0.10334,Weak,No CO2 Term
120102A,697.2589226737147,695.8135512592386,-2.0599582327627277,-19.3719,146.3589,QLD,no_nested,NA,0.011184,Weak,No CO2 Term
A2390531,327.2772217582922,325.8368195046063,-2.054846453865388,-36.689167,140.661111,SA,no_nested,NA,0.196108,Weak,No CO2 Term
609010,318.369918625186,316.96046648119886,-2.0232923725589465,-32.9048,117.614,WA,no_nested,NA,0.239157,Weak,No CO2 Term
614224,424.494683189807,423.1019833572336,-2.006415739929108,-32.8656,116.3981,WA,sub_catchment,614006,0.20608,Weak,No CO2 Term
607003,372.92481761161207,371.54879566337087,-1.9897539226304037,-34.3694,116.2777,WA,sub_catchment,607220,0.096262,Weak,No CO2 Term
117002A,639.0403036030048,637.7455004910894,-1.9105698645424016,-19.2377,146.6329,QLD,no_nested,NA,0.093497,Weak,No CO2 Term
603136,555.6653785027736,554.5343097176391,-1.7603882698116542,-34.8667,117.315,WA,main_catchment,603136,0.171185,Weak,No CO2 Term
611111,600.5765101049018,599.488805733801,-1.722629987587524,-33.6284,115.9476,WA,sub_catchment,611004,0.081844,Weak,No CO2 Term
120304A,538.7936485724122,537.7504312976135,-1.6847355997537836,-21.45,147.71,QLD,no_nested,NA,0.124333,Weak,No CO2 Term
609018,321.7949020286737,320.79622744449915,-1.6476290120323411,-33.9435,115.6914,WA,no_nested,NA,0.065875,Weak,No CO2 Term
318150,534.1514066587152,533.1588450480499,-1.6426007441122905,-41.8167,147.5633,TAS,sub_catchment,318181,0.158308,Weak,No CO2 Term
610001,508.3222560874723,507.3645221117163,-1.6142444072041393,-33.9422,115.0549,WA,main_catchment,610001,0.109151,Weak,No CO2 Term
412050,443.30097572248815,442.3763787716287,-1.5877191276585039,-34.310556,149.167222,NSW,no_nested,NA,0.202804,Weak,No CO2 Term
210052,506.0638930085701,505.1456299271359,-1.5826988784359062,-32.0119,150.9965,NSW,no_nested,NA,0.149145,Weak,No CO2 Term
A4260533,322.9145061916659,322.0913079168779,-1.5092293214540449,-35.2087,139.0063,SA,no_nested,NA,0.363045,Weak,No CO2 Term
707005,293.23366186987965,292.4555160458765,-1.4756121372453384,-22.0226,115.5945,WA,no_nested,NA,0.051453,Weak,No CO2 Term
318191,445.0840349337861,444.3087754079281,-1.4734841448324216,-41.5967,148.0567,TAS,sub_catchment,318181,0.270539,Weak,No CO2 Term
402204,550.3016766322568,549.5469691010903,-1.4584201569786988,-36.303333,146.906111,VIC,main_catchment,402204,0.192153,Weak,No CO2 Term
401017,354.599728711227,353.8531067952737,-1.4525359472528496,-35.77,147.93,NSW,no_nested,NA,0.194394,Weak,No CO2 Term
236202,411.91222631737304,411.1858425138633,-1.4379117705585538,-37.694023,142.725571,VIC,sub_catchment,236209,0.468117,Weak,No CO2 Term
207004,541.1894472174079,540.4927683428498,-1.4167130533580794,-31.4241,152.4697,NSW,main_catchment,207004,0.073694,Weak,No CO2 Term
710229,475.38559179098087,474.737600318329,-1.3826414119745905,-21.0943,119.3173,WA,sub_catchment,710003,0.075618,Weak,No CO2 Term
607004,329.89890697111275,329.289560039672,-1.3561820907551105,-34.3311,116.4585,WA,sub_catchment,607220,0.097379,Weak,No CO2 Term
102101A,513.1552030098035,512.5550838902141,-1.349939207283733,-12.880278,142.983056,QLD,no_nested,NA,0.004043,Weak,No CO2 Term
422319B,590.1532578818192,589.5595504929618,-1.3456184135749558,-28.035833,152.014444,QLD,no_nested,NA,0.120026,Weak,No CO2 Term
236204,521.0509444633328,520.5837505603597,-1.263135284798216,-37.68052,143.0657,VIC,sub_catchment,236209,0.338246,Weak,No CO2 Term
226023,549.7139428904542,549.3221979336575,-1.2163717817658675,-38.19405359,146.5439326,VIC,main_catchment,226023,0.383788,Weak,No CO2 Term
412066,587.4331502661593,587.0723404452139,-1.197702227126872,-34.112778,149.5975,NSW,sub_catchment,412028,0.144062,Weak,No CO2 Term
405229,471.30223294557874,470.97169898051544,-1.1797080381091507,-36.635,144.87,VIC,no_nested,NA,0.175526,Weak,No CO2 Term
401015,438.3405131849689,438.0156052071154,-1.1763941900442059,-35.916667,146.976944,NSW,no_nested,NA,0.194137,Weak,No CO2 Term
143209B,570.0498941352809,569.7602296706846,-1.1558456404340975,-27.7314,152.3633,QLD,no_nested,NA,0.112472,Weak,No CO2 Term
236210,486.0848925566402,485.8201098700433,-1.1415549717523152,-38.24379422,142.7030202,VIC,sub_catchment,236209,0.583294,Weak,No CO2 Term
112102A,737.5777473816804,737.3748118736889,-1.1067942281251038,-17.715,145.905278,QLD,no_nested,NA,0.024178,Weak,No CO2 Term
919005A,642.8463912397143,642.6579493963741,-1.0988024683813011,-16.6788,145.2267,QLD,sub_catchment,919003A,0.068585,Weak,No CO2 Term
113004A,723.8334354226397,723.8187073357835,-1.0073912246762209,-17.739722,145.63,QLD,no_nested,NA,0.032011,Weak,No CO2 Term
117003A,618.1265905530988,618.1598250965326,1.0167561065290436,-19.185,146.5461,QLD,no_nested,NA,0.090398,Weak,Negative-Intercept
237206,428.5306024192285,428.5768843387307,1.023410789110382,-38.258,141.94,VIC,no_nested,NA,0.51895,Weak,Negative-Intercept
G8150180,572.161322451575,572.2599141886179,1.0505311238541568,-12.9696,130.7621,NT,main_catchment,G8150180,0.033658,Weak,Positive-Intercept
403213,657.0167835329896,657.1703697642967,1.0798186557053684,-36.619444,146.244722,VIC,no_nested,NA,0.061865,Weak,Negative-Intercept
405231,491.3081496290234,491.5933339533552,1.1532593629404682,-37.347,145.29,VIC,no_nested,NA,0.240708,Weak,Negative-Intercept
235203,415.66871563964366,415.98284996881506,1.1700741988106211,-38.445,142.96,VIC,main_catchment,235203,0.3092,Weak,Positive-Intercept
121001A,667.1066992298056,667.4555709925397,1.1905744019345528,-20.289444,148.116111,QLD,sub_catchment,121003A,0.151264,Weak,Positive-Slope
614196,397.5728227041036,397.9751377571749,1.2228173828382929,-32.9934,116.4278,WA,sub_catchment,614006,0.181799,Weak,Positive-Intercept
616216,338.79098155729304,339.26989730680486,1.2705601608416617,-31.9731,116.2903,WA,main_catchment,616216,0.041832,Weak,Positive-Intercept
302208,581.5802081761076,582.0923270671502,1.291829519136452,-42.1217,148.04,TAS,no_nested,NA,0.053196,Weak,Positive-Slope
235210,622.1890899826059,622.7752306059972,1.3405370425506835,-38.535,143.54,VIC,sub_catchment,235224,0.14661,Weak,Negative-Intercept
422313B,480.95848696291455,481.5610440874957,1.351585789936973,-28.228333,152.226667,QLD,no_nested,NA,0.0967,Weak,Positive-Slope
210016,351.00449851009085,351.6842311664687,1.4047598012260385,-32.42,150.32,NSW,sub_catchment,210031,0.167668,Weak,Positive-Intercept
403226,550.0725859344401,550.7725865309616,1.4190679718454553,-36.605556,146.362222,VIC,sub_catchment,403209A,0.092625,Weak,Negative-Slope
419010,434.0050069382675,434.7082386642081,1.4213624208976523,-30.9669,151.3448,NSW,sub_catchment,419005,0.178929,Weak,Positive-Intercept
223205,553.768743382034,554.5023482379224,1.443112772190432,-37.67253062,147.8698513,VIC,main_catchment,223205,0.358114,Weak,Negative-Intercept
416023,414.36055516039903,415.1332686168992,1.4716095418877042,-29.2929,151.9234,NSW,sub_catchment,416032,0.22156,Weak,Positive-Intercept
408200,467.542582353845,468.3574173985688,1.5029314821832256,-36.438056,143.298333,VIC,main_catchment,408200,0.202457,Weak,Negative-Intercept
206009,700.1558387384626,701.0975688944052,1.6013789118064883,-31.1878,151.8291,NSW,no_nested,NA,0.170662,Weak,Negative-Slope
223202,614.8080532242967,615.7555699542183,1.6060188697054643,-37.268056,147.728056,VIC,sub_catchment,223205,0.256537,Weak,Negative-Intercept
415201,491.91376115151326,492.86251084923646,1.6070092597313814,-36.909,142.64,VIC,main_catchment,415201,0.471637,Weak,Negative-Intercept
211013,479.0968175968277,480.1276111402824,1.6743026859928942,-33.3497,151.3428,NSW,no_nested,NA,0.101034,Weak,Positive-Slope
237205,465.75713181005415,466.8013902848234,1.6856129014240906,-38.15,141.77,VIC,no_nested,NA,0.640706,Weak,Negative-Intercept
418014,481.19938000422087,482.3058265769803,1.738848802275485,-30.4675,151.362778,NSW,no_nested,NA,0.241796,Weak,Positive-Slope
207015,477.1594765844222,478.2871722254623,1.7574217504910632,-31.3714,152.2442,NSW,sub_catchment,207004,0.025858,Weak,Negative-Slope
235211,491.86928149392173,493.0157718050428,1.77401467400884,-38.588,143.26,VIC,sub_catchment,235224,0.271904,Weak,Positive-Intercept
418017,372.067696944116,373.2433429043541,1.8000653685774184,-29.7992,150.5832,NSW,no_nested,NA,0.181482,Weak,Positive-Slope
809310,522.4156542178596,523.5992260982728,1.807213109539483,-17.425833,127.600556,WA,sub_catchment,809316,0.052686,Weak,Negative-Slope
617003,323.93197326210657,325.1558073064873,1.8439629305438063,-31.3194,115.627,WA,no_nested,NA,0.206553,Weak,Negative-Intercept
208009,616.82471007542415,618.0800654324817,1.8732552231274506,-31.579167,151.315278,NSW,sub_catchment,208004,0.080264,Weak,Positive-Intercept
406224,358.7231434316776,359.99459448321045,1.888391721416864,-36.546389,144.637222,VIC,no_nested,NA,0.200156,Weak,Negative-Intercept
419054,451.2251179932822,452.5105428103932,1.9016318929359657,-31.0396,151.1694,NSW,sub_catchment,419016,0.140966,Weak,Positive-Slope
422338A,434.3749594579197,435.6834283414213,1.9236692726405593,-28.0321,151.5853,QLD,no_nested,NA,0.157071,Weak,Positive-Intercept
226226,679.8095962112471,681.1489568595158,1.9536126979724615,-37.98,146.19,VIC,no_nested,NA,0.164909,Weak,Negative-Intercept
607144,486.4143544434674,487.791731758288,1.9911028026194657,-34.3486,116.3475,WA,sub_catchment,607220,0.119461,Weak,Negative-Intercept
116012A,739.1070375682851,740.5177126858149,2.0245299674271307,-18.065278,145.341944,QLD,sub_catchment,116006B,0.0625,Weak,Positive-Slope
218001,607.0483479913686,608.4917899614125,2.0579719035733244,-36.265,149.510556,NSW,sub_catchment,218008,0.043815,Weak,Negative-Slope
227226,522.0698092509283,523.5314704530347,2.076804887807617,-38.499722,146.160833,VIC,sub_catchment,227202,0.185084,Weak,Positive-Intercept
204039,345.03160675231425,346.5383460166294,2.1241455601117174,-28.468,152.1978,NSW,sub_catchment,204007,0.158097,Weak,Positive-Intercept
146012A,590.6212684830218,592.16320077974,2.1618539167407116,-28.178333,153.424167,QLD,no_nested,NA,0.365762,Weak,Negative-Slope
211009,483.6433938180361,485.2301389388761,2.210840058827593,-33.2724,151.3593,NSW,main_catchment,211009,0.112398,Weak,Positive-Slope
617002,261.514133231365,263.13184825416783,2.2453412439473666,-30.2771,115.3666,WA,no_nested,NA,0.184291,Weak,Positive-Intercept
415206,519.1822973327285,520.8227912419474,2.271060617173737,-36.95390887,142.8600891,VIC,sub_catchment,415201,0.176578,Weak,Negative-Intercept
141008A,504.4973684212204,506.1472394799554,2.281733655775201,-26.66,153.02,QLD,no_nested,NA,0.208426,Weak,Negative-Slope
607220,465.5974566406818,467.251784099035,2.286823482741314,-34.5217,115.8994,WA,main_catchment,607220,0.120918,Weak,Negative-Intercept
A5050517,337.2587235454485,339.2019656117601,2.6422241225867626,-34.463333,139.058333,SA,no_nested,NA,0.339314,Weak,Negative-Slope
407213,394.6424874673213,396.61213396381527,2.6773386183027674,-37.085,143.81,VIC,no_nested,NA,0.403727,Weak,Negative-Slope
415237,414.8714287506257,416.8577508280554,2.699755028516143,-37.026389,142.821389,VIC,sub_catchment,415201,0.189971,Weak,Negative-Intercept
419005,615.5877564776778,617.691861340387,2.863522273829579,-30.678611,150.778056,NSW,main_catchment,419005,0.188443,Weak,Positive-Slope
401215,531.710769632608,534.0663707311189,3.247224233011706,-36.86621971,147.7035132,VIC,no_nested,NA,0.145377,Weak,Negative-Intercept
219006,776.4444262637501,778.8242908017155,3.2868585775686037,-36.78,149.54,NSW,sub_catchment,219022,0.010658,Weak,Negative-Slope
418027,546.5244549187867,548.9383734315797,3.3433030532040635,-30.2081,150.4281,NSW,sub_catchment,418015,0.116422,Weak,Positive-Intercept
216009,393.85086777307856,396.33226568251155,3.4580296263876633,-35.714,150.0342,NSW,no_nested,NA,0.041392,Weak,Positive-Intercept
402213,486.443079927195,488.9525895353054,3.506978372036963,-36.316389,146.894444,VIC,sub_catchment,402204,0.150679,Weak,Negative-Intercept
415238,367.8878516245275,370.4012199593997,3.5137511391491545,-36.902,143.11,VIC,sub_catchment,415201,0.152612,Weak,Negative-Intercept
225201,491.70503295269174,494.2206550916191,3.5177130243412287,-37.9685868,147.0760061,VIC,main_catchment,225201,0.228845,Weak,Negative-Slope
612025,306.98448119887763,309.5059369254593,3.5279884463350437,-33.4557,116.4258,WA,sub_catchment,612001,0.150832,Weak,Negative-Intercept
421050,374.7126813724791,377.3125225402638,3.669005277930739,-33.03,148.95,NSW,sub_catchment,421018,0.22435,Weak,Positive-Slope
138113A,448.67648066288655,451.2787718012438,3.6735025093703033,-26.39,152.644444,QLD,no_nested,NA,0.139324,Weak,Positive-Slope
208024,401.46546022238874,404.09509598442327,3.7240726991570927,-31.56,151.34,NSW,sub_catchment,208004,0.086813,Weak,Positive-Slope
422334A,508.7005900401153,511.43927472446205,3.9327634321453524,-27.926389,151.8625,QLD,no_nested,NA,0.281159,Weak,Positive-Intercept
G0050115,471.54339113082256,474.32372341610653,4.015517146203971,-24.351667,133.433333,NT,no_nested,NA,0.077475,Weak,Negative-Slope
G8140063,669.13376060138,671.9479158391622,4.084002934717203,-13.798,131.3396,NT,sub_catchment,G8140040,0.079183,Weak,Positive-Slope
A5070500,372.2195987397957,375.19821705302553,4.434031239505886,-33.61,138.63,SA,sub_catchment,A5070503,0.270893,Weak,Negative-Intercept
418021,441.67544170751864,444.6870852627823,4.507856564277987,-30.2293,151.1857,NSW,no_nested,NA,0.183297,Weak,Positive-Intercept
212260,447.9578172458589,451.0215903369759,4.626897446613392,-33.947222,150.244444,NSW,no_nested,NA,0.069044,Weak,Negative-Slope
416016,467.08854418700776,470.2237069070901,4.795036690069551,-29.7936,151.1263,NSW,sub_catchment,416010,0.664076,Weak,Positive-Slope
306119,550.8716084481321,554.1775445526916,5.222457373247432,-43.0367,146.84,TAS,no_nested,NA,0.099015,Weak,Negative-Slope
235233,505.8754192801674,509.2044376355288,5.283079559929673,-38.75502396,143.6249731,VIC,no_nested,NA,0.128114,Weak,Positive-Slope
415226,415.97618894621456,419.3484610382936,5.39858048594275,-36.743611,142.785278,VIC,no_nested,NA,0.313004,Weak,Negative-Intercept
224203,610.7639722602839,614.2833054803486,5.810499909074759,-37.76358991,147.3747776,VIC,main_catchment,224203,0.127623,Weak,Positive-Intercept
406250,377.4533515712532,381.21614269715263,6.562657075527058,-37.32,144.37,VIC,no_nested,NA,0.146324,Weak,Negative-Intercept
405263,385.4792816757592,389.2848152581317,6.704418530419251,-37.462778,146.247778,VIC,sub_catchment,405219,0.135937,Weak,Positive-Slope
A5070503,238.734299998619,242.55418716754303,6.7527078301400145,-33.5331,138.5181,SA,main_catchment,A5070503,0.394135,Weak,Negative-Intercept
415220,370.6118335341636,374.47944114658515,6.91576650864483,-36.64,142.98,VIC,no_nested,NA,0.416643,Weak,Negative-Intercept
118106A,581.688071956484,585.5616386055179,6.936402889529415,-19.39,146.96,QLD,no_nested,NA,0.087231,Weak,Negative-Intercept
236203,539.2227352061547,543.2561701208666,7.5136206292516405,-37.68769856,143.3600674,VIC,sub_catchment,236209,0.667601,Weak,Negative-Intercept
405226,410.22763034896127,414.3516109575492,7.861601228201284,-36.621111,145.306667,VIC,no_nested,NA,0.686897,Weak,Negative-Slope
407230,451.67095830888496,456.060509430224,8.977985817552335,-37.162222,143.960833,VIC,no_nested,NA,0.153763,Weak,Negative-Intercept
227200,561.5889037150458,566.0498587455288,9.304307967730612,-38.538,146.68,VIC,main_catchment,227200,0.304255,Weak,Negative-Slope
233214,759.6759089661288,764.2717648625447,9.953536828975,-38.52871645,143.730405,VIC,no_nested,NA,0.442992,Weak,Negative-Slope
146095A,616.9076905482457,621.7120146758383,11.047034973820855,-28.149444,153.403611,QLD,no_nested,NA,0.226217,Moderate,Negative-Slope
408206,293.0963138612003,297.9108935158557,11.103827040593412,-36.885,143.5,VIC,sub_catchment,408200,0.174821,Moderate,Negative-Slope
238208,671.5025959974042,676.3177857147258,11.107214572383349,-37.373333,142.507778,VIC,sub_catchment,238204,0.025163,Moderate,Negative-Intercept
226410,657.252636119841,662.1320969274378,11.469948071494969,-38.323,146.53,VIC,sub_catchment,226023,0.149265,Moderate,Negative-Slope
418005,515.944666503761,520.9190663062286,12.027550595496947,-29.916944,151.114167,NSW,no_nested,NA,0.16664,Moderate,Positive-Slope
419029,326.3905974081149,331.69208194526453,14.16454864360716,-30.7054,150.8259,NSW,no_nested,NA,0.13392,Moderate,Positive-Intercept
122004A,688.1790895062587,693.7646687888347,16.326501416037225,-20.3,148.547222,QLD,no_nested,NA,0.095185,Moderate,Positive-Slope
237202,549.9035611219937,555.8006857711016,19.07850530337443,-38.126,141.62,VIC,no_nested,NA,0.141341,Moderate,Negative-Slope
405246,431.65534305128426,437.57678637313006,19.31190337395762,-36.59083189,145.3511279,VIC,no_nested,NA,0.601381,Moderate,Negative-Intercept
607155,447.2485902968886,453.2236097819908,19.83622363082094,-34.578611,115.972222,WA,no_nested,NA,0.055321,Moderate,Negative-Slope
231225,456.8289226634536,463.17282702021816,23.854006207426867,-37.598,144.25,VIC,no_nested,NA,0.266808,Moderate,Negative-Intercept
606002,298.71809557744166,305.11683440974235,24.517065256259347,-34.696667,116.513889,WA,sub_catchment,606195,0.025772,Moderate,Negative-Intercept
210040,540.3114205132158,546.7194776598931,24.63156063594973,-32.2708,150.6349,NSW,no_nested,NA,0.164699,Moderate,Positive-Intercept
407215,328.39424557468584,334.8892109898544,25.72549973520963,-37.108889,144.058889,VIC,main_catchment,407215,0.188488,Moderate,Negative-Intercept
235237,366.3566901756604,373.16198003958493,30.04345795520304,-38.448,142.99,VIC,sub_catchment,235203,0.299475,Moderate,Positive-Slope
204034,454.5774752775587,461.4555653449664,31.157189890492543,-29.763056,152.213333,NSW,sub_catchment,204007,0.069909,Moderate,Positive-Slope
232214,364.4247101536549,371.3935149576979,32.602937837319345,-37.62982,144.06236,VIC,no_nested,NA,0.180654,Moderate,Negative-Intercept
422394A,534.7058032676404,541.7346184290382,33.59601909716516,-28.371111,152.141944,QLD,main_catchment,422394A,0.255453,Moderate,Positive-Slope
108003A,510.99396778174224,518.3284383605248,39.14353557502798,-15.988333,145.2875,QLD,no_nested,NA,0.125959,Moderate,Negative-Intercept
146014A,552.6946358704373,560.1078691784363,40.715817527966436,-28.123333,153.19,QLD,no_nested,NA,0.234839,Moderate,Positive-Slope
A5040523,407.89913931948024,415.4122395590568,42.800514339272766,-34.873056,138.754444,SA,no_nested,NA,0.195779,Moderate,Negative-Intercept
222210,463.36199593789536,471.0674767619048,47.12202020311011,-37.0853747,148.4241522,VIC,no_nested,NA,0.054304,Moderate,Negative-Intercept
407220,351.5029035990247,359.3671903582262,51.01620766552859,-36.993611,143.644167,VIC,sub_catchment,407211,0.190878,Moderate,Negative-Intercept
222016,433.5734377757156,441.52389268286646,53.26223021277307,-36.7936,148.4033,NSW,no_nested,NA,6.24e-4,Moderate,Negative-Slope
130004A,636.3501498775125,644.4282050163466,56.771109991198784,-23.8191,150.8206,QLD,no_nested,NA,0.192365,Moderate,Negative-Slope
407253,380.4672084958981,389.0099711343128,71.62049809283954,-36.452222,144.468889,VIC,no_nested,NA,0.60199,Moderate,Negative-Intercept
222213,532.902858435786,541.5057822526144,73.80761484124314,-36.954722,148.326667,VIC,no_nested,NA,0.008964,Moderate,Negative-Intercept
616065,216.71512829224287,225.7235072970232,90.39504937884124,-32.2275,116.171944,WA,no_nested,NA,0.079651,Moderate,Negative-Intercept
312061,794.4502242603542,803.4638845568255,90.63406613084653,-41.419444,145.670556,TAS,no_nested,NA,0.159306,Moderate,Positive-Slope
407221,573.7660920884487,582.7799158641087,90.64147482543407,-37.2064268,144.100373,VIC,sub_catchment,407215,0.115907,Moderate,Negative-Slope
210011,665.8350601518615,675.0353314521735,99.49781162021581,-32.318889,151.688056,NSW,no_nested,NA,0.136914,Moderate,Negative-Slope
302200,490.63697165229814,500.22518539886875,120.79644705662828,-42.0467,148.075,TAS,no_nested,NA,0.085704,Moderately Strong,Negative-Slope
401217,529.8714001347741,539.4737374825795,121.65250658431208,-36.756111,147.708611,VIC,no_nested,NA,0.019382,Moderately Strong,Negative-Slope
236213,395.4687989455101,405.2377126232909,132.21862980925223,-37.531111,143.466389,VIC,sub_catchment,236209,0.416917,Moderately Strong,Negative-Intercept
401210,737.9117497643913,748.0504400441931,159.07012455037125,-36.568611,147.413611,VIC,no_nested,NA,0.028576,Moderately Strong,Negative-Intercept
410713,604.4739444762397,614.6191804430586,159.59158904527527,-35.3843,148.9656,ACT,no_nested,NA,0.065645,Moderately Strong,Negative-Intercept
410156,352.61940750443,363.35096058179573,213.95731632079062,-35.35,147.55,NSW,no_nested,NA,0.24856,Moderately Strong,Negative-Intercept
405237,517.5823549452841,528.4298181582352,226.72358912688946,-36.762369,145.585843,VIC,main_catchment,405237,0.659453,Moderately Strong,Negative-Slope
610008,283.3050341927397,294.5470921077844,276.17340779054206,-33.806667,115.443611,WA,sub_catchment,610001,0.083876,Moderately Strong,Negative-Slope
227213,692.0991746367646,703.3675393228932,279.83001878724514,-38.52579869,146.538118,VIC,no_nested,NA,0.13833,Moderately Strong,Negative-Slope
405274,433.5805477740769,444.8516929753676,280.21932514762426,-37.106111,145.605,VIC,no_nested,NA,0.226042,Moderately Strong,Negative-Intercept
224213,472.0047671867191,483.5448951550957,320.55824265014496,-37.493889,147.271389,VIC,sub_catchment,224203,0.0627,Moderately Strong,Positive-Intercept
406226,387.2698182658728,398.8194247428475,322.0810553277267,-36.881,144.65,VIC,no_nested,NA,0.178374,Moderately Strong,Negative-Slope
215002,358.24373841015586,369.81244392523087,325.17150718001443,-35.340833,149.739444,NSW,sub_catchment,215207,0.137628,Moderately Strong,Negative-Slope
407214,596.3410732509755,608.1760642564228,371.48017675612306,-37.296944,143.789444,VIC,no_nested,NA,0.235117,Moderately Strong,Negative-Intercept
226204,669.2639284255879,681.2474009930079,400.10870941030004,-38.089,146.16,VIC,main_catchment,226204,0.223117,Moderately Strong,Negative-Intercept
305202,503.4949817668762,515.7826710787242,465.8411312449631,-43.071111,147.236944,TAS,no_nested,NA,0.036272,Moderately Strong,Negative-Slope
236216,297.47287843916655,309.8229368924385,480.59706995106785,-38.30559215,142.8812902,VIC,sub_catchment,236209,0.660071,Moderately Strong,Negative-Intercept
407217,550.3693787428605,563.0128098164392,556.5269163709753,-37.15795783,144.2084168,VIC,sub_catchment,407215,0.111772,Moderately Strong,Negative-Intercept
314207,602.7347168919313,615.6560996660141,639.5030478786765,-41.250833,146.09,TAS,no_nested,NA,0.120321,Moderately Strong,Negative-Intercept
210017,512.9133551949919,526.2912705734709,803.4843351664533,-31.9437,151.2797,NSW,no_nested,NA,0.045959,Moderately Strong,Negative-Intercept
603007,361.6100476626411,375.2649449915243,922.8333488800357,-34.9583,117.5032,WA,no_nested,NA,0.561872,Moderately Strong,Positive-Intercept
408202,474.5418731792656,488.4622960534608,1053.8563580169396,-37.181944,143.405556,VIC,sub_catchment,408200,0.172685,Strong,Negative-Intercept
204036,664.7110458290388,678.6615274030592,1069.8147557601362,-28.9341,152.2171,NSW,sub_catchment,204007,0.133183,Strong,Positive-Intercept
231213,616.0685690209804,630.601972435657,1431.8200945608914,-37.496111,144.359722,VIC,sub_catchment,231211,0.13992,Strong,Negative-Intercept
603005,327.301624801132,342.9009591829704,2439.7898582715575,-34.8276,117.3929,WA,sub_catchment,603004,2.37e-4,Strong,Negative-Intercept
235234,364.4105605548102,380.1847460237513,2662.6915057426345,-38.483,143.57,VIC,sub_catchment,235224,0.117438,Strong,Negative-Intercept
238204,438.961551649214,455.1412041548823,3261.12091048466,-37.631,142.34,VIC,main_catchment,238204,0.540598,Strong,Negative-Intercept
701002,219.36066594529385,236.05718756337265,4222.830045007371,-28.8242,114.8455,WA,no_nested,NA,0.210003,Strong,Positive-Intercept
227205,624.2921529229999,641.0978958726103,4459.854739233778,-38.35208581,146.6547464,VIC,no_nested,NA,0.14814,Strong,Negative-Slope
221208,453.5987338971524,470.9301271560333,5800.483931042036,-37.689,149.49,VIC,no_nested,NA,0.113156,Strong,Negative-Slope
411003,365.977553093793,383.4647942851451,6270.557816859645,-35.2567,149.5422,NSW,no_nested,NA,0.102489,Strong,Positive-Intercept
A2390523,230.6771957462905,249.25640704912087,10824.914467082086,-37.7034,140.3622,SA,no_nested,NA,0.41207,Very Strong,Negative-Intercept
208005,652.7773773497258,671.3625246879537,10857.090731048042,-31.779,152.0746,NSW,sub_catchment,208004,0.076991,Very Strong,Negative-Slope
231211,422.88638422327074,441.5437538139621,11256.317384857735,-37.63,144.43,VIC,main_catchment,231211,0.117132,Very Strong,Negative-Intercept
317200,544.2822747350956,563.0696008045794,12012.019286947363,-41.2567,146.5667,TAS,no_nested,NA,0.180355,Very Strong,Negative-Intercept
230205,537.1698193289262,556.1374109951113,13144.988115986127,-37.632,144.8,VIC,no_nested,NA,0.260152,Very Strong,Negative-Intercept
218005,660.5749561626516,679.5947967206861,13492.918604889663,-36.1975,149.7606,NSW,sub_catchment,218008,0.035956,Very Strong,Negative-Slope
234201,479.1500611598592,498.9907343335978,20339.835597870024,-38.012,143.64,VIC,main_catchment,234201,0.348426,Very Strong,Negative-Intercept
208004,610.2777954818149,630.4480147474457,23983.218433487054,-31.92,152.31,NSW,main_catchment,208004,0.098338,Very Strong,Negative-Slope
406235,349.39951393299145,370.5615923290267,39381.01782172269,-36.948,144.66,VIC,no_nested,NA,0.17575,Very Strong,Negative-Intercept
405230,404.6058846318245,425.8889541059597,41836.93066026479,-36.604,144.81,VIC,no_nested,NA,0.163917,Very Strong,Negative-Slope
407246,393.22288703012833,414.9970025522346,53479.71815243953,-36.72893939,144.1360524,VIC,no_nested,NA,0.658451,Very Strong,Negative-Slope
405212,531.8229496248736,553.6994685056537,56289.282978719675,-37.1,145.06,VIC,no_nested,NA,0.660667,Very Strong,Negative-Intercept
603003,429.49177403380895,451.4849779042722,59671.03079117779,-34.6994,117.2169,WA,sub_catchment,603136,0.152452,Very Strong,Negative-Intercept
238229,473.0118612387885,495.4242340825248,73584.2599056533,-37.321,141.48,VIC,no_nested,NA,0.190414,Very Strong,Negative-Intercept
216002,594.6953394788039,617.4821641917902,88735.23759045017,-35.468056,150.237222,NSW,no_nested,NA,0.04949,Very Strong,Negative-Slope
614044,460.967008194663,483.88657397027634,94824.48047891482,-32.811111,116.155556,WA,sub_catchment,614006,0.083438,Very Strong,Negative-Intercept
238230,429.02724679737514,452.16176374990147,105583.61489783986,-37.87,141.41,VIC,no_nested,NA,0.148723,Very Strong,Negative-Intercept
415223,601.8530718966985,625.3205851546933,124711.28552760908,-36.88537671,142.2340353,VIC,no_nested,NA,0.549091,Very Strong,Negative-Slope
405251,444.5980794867888,468.8480581599945,184423.37353549758,-36.968611,145.783889,VIC,no_nested,NA,0.148209,Very Strong,Negative-Intercept
235219,603.5996673272317,627.8973611933594,188876.17735386852,-38.7031718,143.4772919,VIC,main_catchment,235219,0.152745,Very Strong,Negative-Slope
406214,435.49561418772095,460.9471972437364,336310.9737419899,-36.773889,144.428333,VIC,no_nested,NA,0.567066,Very Strong,Negative-Intercept
406213,395.5342276377089,421.027528820278,343399.7815423948,-37.016111,144.539167,VIC,main_catchment,406213,0.211282,Very Strong,Negative-Intercept
138004B,412.1926110124937,438.1193518946219,426501.19213323283,-25.903611,152.349167,QLD,no_nested,NA,0.344376,Very Strong,Positive-Slope
405248,449.478108210636,475.7192031569599,499092.8717571014,-36.853611,144.914444,VIC,no_nested,NA,0.095684,Very Strong,Negative-Slope
405234,535.0197377012706,561.7804206774367,647155.2433680369,-36.888,145.68,VIC,sub_catchment,405237,0.529223,Very Strong,Negative-Slope
401009,545.7713008583802,572.7583844970216,724720.845732437,-35.926111,148.100833,NSW,no_nested,NA,0.106561,Very Strong,Negative-Intercept
210022,680.9652551530802,708.6554542018177,1030031.0695564386,-32.3078,151.5117,NSW,no_nested,NA,0.10746,Extremely Strong,Negative-Slope
405240,430.3521023892945,458.5941136399132,1357296.7900209138,-37.061,145.06,VIC,main_catchment,405240,0.634451,Extremely Strong,Negative-Intercept
303203,499.1369507992214,529.498017778091,3915812.8463101164,-42.435,147.4533,TAS,no_nested,NA,0.166935,Extremely Strong,Negative-Slope
234200,498.8922828665476,529.8178547588104,5192812.137820808,-37.809,143.59,VIC,sub_catchment,234201,0.301163,Extremely Strong,Negative-Intercept
238235,449.9101447269072,480.99482967797707,5622812.1289278325,-37.98,141.46,VIC,no_nested,NA,0.139925,Extremely Strong,Negative-Slope
616041,374.10867859213784,405.8432952769908,7781878.678786208,-32.2479,116.1124,WA,no_nested,NA,0.146399,Extremely Strong,Negative-Slope
405228,426.1980749345586,458.1524142320763,8685535.803743672,-36.95,145.28,VIC,no_nested,NA,0.187411,Extremely Strong,Negative-Intercept
226205,658.7985409700664,692.1766668796769,17699783.30484961,-37.90701017,146.0221188,VIC,sub_catchment,226204,0.175886,Extremely Strong,Negative-Slope
227210,712.6652432874284,746.9279535383696,27545648.32277043,-38.39502395,146.74407,VIC,no_nested,NA,0.17187,Extremely Strong,Negative-Slope
230210,543.3262551099432,578.2888736417999,39087343.07104319,-37.471944,144.524167,VIC,no_nested,NA,0.131838,Extremely Strong,Negative-Slope
406208,667.122276498653,702.2491826806155,42433686.21556485,-37.387778,144.450556,VIC,sub_catchment,406213,0.204446,Extremely Strong,Negative-Slope
319204,499.1865161995533,535.4925252563462,76515548.64429492,-41.0667,147.11,TAS,no_nested,NA,0.139274,Extremely Strong,Negative-Slope
606001,406.8202975406122,443.505374641895,92483291.21396533,-34.764167,116.615278,WA,no_nested,NA,0.004625,Extremely Strong,Negative-Intercept
405238,440.8144366387576,478.5456604785264,156038280.02450696,-37.120278,144.856944,VIC,sub_catchment,405240,0.344173,Extremely Strong,Negative-Slope
606195,578.6449185750873,618.5630238533332,465700200.79607016,-34.8069,116.5752,WA,main_catchment,606195,0.030046,Extremely Strong,Negative-Intercept
613002,520.8005099897415,561.1143560482279,567597460.5593387,-33.085833,116.038889,WA,no_nested,NA,0.009804,Extremely Strong,Negative-Intercept
608151,560.7919506267539,603.7055391127695,2082415266.8867013,-34.3272,115.7846,WA,no_nested,NA,0.12992,Extremely Strong,Negative-Intercept
606185,382.4254928068176,425.60838444240073,2382570580.9376626,-34.7648,116.3773,WA,no_nested,NA,0.026589,Extremely Strong,Negative-Slope
230209,533.4046066205096,578.6306751289791,6617835927.180732,-37.41050387,144.6260551,VIC,no_nested,NA,0.080181,Extremely Strong,Negative-Slope
616178,429.72125235635536,476.7633207075287,16407988807.617617,-31.884,116.0948,WA,no_nested,NA,0.11882,Extremely Strong,Negative-Intercept
603190,545.2228080507736,594.0014219779534,39096819721.74579,-34.7038,117.2921,WA,sub_catchment,603136,0.169222,Extremely Strong,Negative-Intercept
235204,500.8356333759694,553.6377714927872,292306591247.9481,-38.6548305,143.5291815,VIC,sub_catchment,235219,0.206489,Extremely Strong,Negative-Slope
235205,740.6902327980293,804.9392481519598,89432715554432.84,-38.638056,143.443056,VIC,sub_catchment,235224,0.127714,Extremely Strong,Negative-Slope
613146,604.6785435704533,680.9148560535125,35851300646296244,-32.997778,115.921944,WA,no_nested,NA,0.343678,Extremely Strong,Negative-Slope
