year,precipitation,observed_boxcox_streamflow,modelled_boxcox_streamflow,gauge,streamflow_model,objective_function,optimiser,loglikelihood
1959,1676.14868305,NA,88.69590057028651,102101A,streamflow_model_precip_only,constant_sd_objective_function,dream,240.32399540146451
1960,1686.16739044,NA,88.84407433817985,102101A,streamflow_model_precip_only,constant_sd_objective_function,dream,240.32399540146451
1961,790.72988564,NA,75.60081412163083,102101A,streamflow_model_precip_only,constant_sd_objective_function,dream,240.32399540146451
1962,1302.21884571,NA,83.16558705082818,102101A,streamflow_model_precip_only,constant_sd_objective_function,dream,240.32399540146451
1963,1324.60660572,NA,83.49669550885989,102101A,streamflow_model_precip_only,constant_sd_objective_function,dream,240.32399540146451
1964,1784.06595873,NA,90.2919656848592,102101A,streamflow_model_precip_only,constant_sd_objective_function,dream,240.32399540146451
1965,1684.50656072,NA,88.81951114975024,102101A,streamflow_model_precip_only,constant_sd_objective_function,dream,240.32399540146451
1966,1017.57782902,NA,78.9558292149972,102101A,streamflow_model_precip_only,constant_sd_objective_function,dream,240.32399540146451
1967,1378.50397175,NA,84.29382187390007,102101A,streamflow_model_precip_only,constant_sd_objective_function,dream,240.32399540146451
1968,1199.48046184,160.64856617861432,81.646116239605007,102101A,streamflow_model_precip_only,constant_sd_objective_function,dream,240.32399540146451
1969,1220.2694694,161.26036996110815,81.95357961397235,102101A,streamflow_model_precip_only,constant_sd_objective_function,dream,240.32399540146451
1970,1350.77528858,180.8583731522971,83.88372271598666,102101A,streamflow_model_precip_only,constant_sd_objective_function,dream,240.32399540146451
1971,1411.86069407,404.909788259832,84.78715809366628,102101A,streamflow_model_precip_only,constant_sd_objective_function,dream,240.32399540146451
1972,1579.72928332,244.89088369601097,87.26988569632492,102101A,streamflow_model_precip_only,constant_sd_objective_function,dream,240.32399540146451
1973,2383.87510348,415.6965837038844,99.1629684534602,102101A,streamflow_model_precip_only,constant_sd_objective_function,dream,240.32399540146451
1974,1239.3199543,360.5272185049299,82.23533074392807,102101A,streamflow_model_precip_only,constant_sd_objective_function,dream,240.32399540146451
1975,2115.81764567,403.15235025739514,95.19847662936876,102101A,streamflow_model_precip_only,constant_sd_objective_function,dream,240.32399540146451
1976,1642.09912111,360.8598598802173,88.19231745408496,102101A,streamflow_model_precip_only,constant_sd_objective_function,dream,240.32399540146451
1977,1916.21367383,342.7998557634824,92.2463919499089,102101A,streamflow_model_precip_only,constant_sd_objective_function,dream,240.32399540146451
1978,1270.30734581,152.56742008901995,82.69362525024393,102101A,streamflow_model_precip_only,constant_sd_objective_function,dream,240.32399540146451
1979,1677.48157142,378.21533480964325,88.71561360154654,102101A,streamflow_model_precip_only,constant_sd_objective_function,dream,240.32399540146451
1980,1372.64443471,211.21725835280185,84.20716102559602,102101A,streamflow_model_precip_only,constant_sd_objective_function,dream,240.32399540146451
1981,1626.55736547,181.4249051752018,87.96245940920832,102101A,streamflow_model_precip_only,constant_sd_objective_function,dream,240.32399540146451
1982,1765.9545941,344.39311391755297,90.02410387051017,102101A,streamflow_model_precip_only,constant_sd_objective_function,dream,240.32399540146451
1983,1186.48180255,65.78399529243886,81.45386984996759,102101A,streamflow_model_precip_only,constant_sd_objective_function,dream,240.32399540146451
1984,1728.05196314,307.4961006123392,89.46353498434628,102101A,streamflow_model_precip_only,constant_sd_objective_function,dream,240.32399540146451
1985,2175.34000185,390.9789801030369,96.0787949624387,102101A,streamflow_model_precip_only,constant_sd_objective_function,dream,240.32399540146451
1986,1305.72702058,149.90427674437666,83.21747193664045,102101A,streamflow_model_precip_only,constant_sd_objective_function,dream,240.32399540146451
1987,1426.04960744,NA,84.99700799490641,102101A,streamflow_model_precip_only,constant_sd_objective_function,dream,240.32399540146451
1988,1195.10355781,47.91936627714747,81.58138310222643,102101A,streamflow_model_precip_only,constant_sd_objective_function,dream,240.32399540146451
1989,1691.73940204,273.76740083488875,88.92648276886638,102101A,streamflow_model_precip_only,constant_sd_objective_function,dream,240.32399540146451
1990,1427.74516096,NA,85.022084738237,102101A,streamflow_model_precip_only,constant_sd_objective_function,dream,240.32399540146451
1991,1338.47536787,NA,83.701810466687,102101A,streamflow_model_precip_only,constant_sd_objective_function,dream,240.32399540146451
1992,1616.68917251,NA,87.81651170595059,102101A,streamflow_model_precip_only,constant_sd_objective_function,dream,240.32399540146451
1993,1236.77407965,NA,82.19767799844006,102101A,streamflow_model_precip_only,constant_sd_objective_function,dream,240.32399540146451
1994,1169.9391005,NA,81.20920809885865,102101A,streamflow_model_precip_only,constant_sd_objective_function,dream,240.32399540146451
1995,1822.54409501,204.82811772669132,90.86104612729353,102101A,streamflow_model_precip_only,constant_sd_objective_function,dream,240.32399540146451
1996,2183.61944857,461.5130704287402,96.20124557096722,102101A,streamflow_model_precip_only,constant_sd_objective_function,dream,240.32399540146451
1997,1521.23673265,NA,86.40479788718127,102101A,streamflow_model_precip_only,constant_sd_objective_function,dream,240.32399540146451
1998,1661.61494385,189.23209200284657,88.48095079532924,102101A,streamflow_model_precip_only,constant_sd_objective_function,dream,240.32399540146451
1999,2338.41945554,426.74810589998617,98.49069264330669,102101A,streamflow_model_precip_only,constant_sd_objective_function,dream,240.32399540146451
2000,2061.2923845,400.4694566021035,94.39206387786034,102101A,streamflow_model_precip_only,constant_sd_objective_function,dream,240.32399540146451
2001,1397.37251035,335.7868606659158,84.57288207100629,102101A,streamflow_model_precip_only,constant_sd_objective_function,dream,240.32399540146451
2002,983.55637466,NA,78.45266180172746,102101A,streamflow_model_precip_only,constant_sd_objective_function,dream,240.32399540146451
2003,1371.53896774,NA,84.19081149068596,102101A,streamflow_model_precip_only,constant_sd_objective_function,dream,240.32399540146451
2004,1378.80301116,242.6236309150742,84.29824457978452,102101A,streamflow_model_precip_only,constant_sd_objective_function,dream,240.32399540146451
2005,1208.1187189299999,265.6126894046234,81.7738735491292,102101A,streamflow_model_precip_only,constant_sd_objective_function,dream,240.32399540146451
2006,2557.63896945,564.9305937043223,101.73288548389354,102101A,streamflow_model_precip_only,constant_sd_objective_function,dream,240.32399540146451
2007,1370.63715557,138.30891469165684,84.17747395102546,102101A,streamflow_model_precip_only,constant_sd_objective_function,dream,240.32399540146451
2008,1338.49796386,159.2944028900665,83.702144654806,102101A,streamflow_model_precip_only,constant_sd_objective_function,dream,240.32399540146451
2009,984.03432256,144.07931358222982,78.45973051213518,102101A,streamflow_model_precip_only,constant_sd_objective_function,dream,240.32399540146451
2010,2300.63672015,NA,97.93189697774594,102101A,streamflow_model_precip_only,constant_sd_objective_function,dream,240.32399540146451
2011,1645.2131179,434.85389566265013,88.23837256075896,102101A,streamflow_model_precip_only,constant_sd_objective_function,dream,240.32399540146451
2012,1124.11877872,166.8845948057304,80.5315388686938,102101A,streamflow_model_precip_only,constant_sd_objective_function,dream,240.32399540146451
2013,1501.89632434,235.07874524572281,86.11875887432929,102101A,streamflow_model_precip_only,constant_sd_objective_function,dream,240.32399540146451
2014,1360.41343459,326.6959423118773,84.0262680917737,102101A,streamflow_model_precip_only,constant_sd_objective_function,dream,240.32399540146451
1959,1676.14868305,NA,-114.87747395893773,102101A,streamflow_model_precip_only,CO2_variable_objective_function,dream,240.00503183046138
1960,1686.16739044,NA,-114.87736516157294,102101A,streamflow_model_precip_only,CO2_variable_objective_function,dream,240.00503183046138
1961,790.72988564,NA,-114.88708909471752,102101A,streamflow_model_precip_only,CO2_variable_objective_function,dream,240.00503183046138
1962,1302.21884571,NA,-114.88153462059147,102101A,streamflow_model_precip_only,CO2_variable_objective_function,dream,240.00503183046138
1963,1324.60660572,NA,-114.88129150247275,102101A,streamflow_model_precip_only,CO2_variable_objective_function,dream,240.00503183046138
1964,1784.06595873,NA,-114.87630203977169,102101A,streamflow_model_precip_only,CO2_variable_objective_function,dream,240.00503183046138
1965,1684.50656072,NA,-114.87738319722263,102101A,streamflow_model_precip_only,CO2_variable_objective_function,dream,240.00503183046138
1966,1017.57782902,NA,-114.88462565732118,102101A,streamflow_model_precip_only,CO2_variable_objective_function,dream,240.00503183046138
1967,1378.50397175,NA,-114.88070620826613,102101A,streamflow_model_precip_only,CO2_variable_objective_function,dream,240.00503183046138
1968,1199.48046184,160.64856617861432,-114.88265029998928,102101A,streamflow_model_precip_only,CO2_variable_objective_function,dream,240.00503183046138
1969,1220.2694694,161.26036996110815,-114.88242454339702,102101A,streamflow_model_precip_only,CO2_variable_objective_function,dream,240.00503183046138
1970,1350.77528858,180.8583731522971,-114.88100732571976,102101A,streamflow_model_precip_only,CO2_variable_objective_function,dream,240.00503183046138
1971,1411.86069407,404.909788259832,-114.88034397356408,102101A,streamflow_model_precip_only,CO2_variable_objective_function,dream,240.00503183046138
1972,1579.72928332,244.89088369601097,-114.87852101782434,102101A,streamflow_model_precip_only,CO2_variable_objective_function,dream,240.00503183046138
1973,2383.87510348,415.6965837038844,-114.86978845954772,102101A,streamflow_model_precip_only,CO2_variable_objective_function,dream,240.00503183046138
1974,1239.3199543,360.5272185049299,-114.88221766615484,102101A,streamflow_model_precip_only,CO2_variable_objective_function,dream,240.00503183046138
1975,2115.81764567,403.15235025739514,-114.87269940842431,102101A,streamflow_model_precip_only,CO2_variable_objective_function,dream,240.00503183046138
1976,1642.09912111,360.8598598802173,-114.87784371747713,102101A,streamflow_model_precip_only,CO2_variable_objective_function,dream,240.00503183046138
1977,1916.21367383,342.7998557634824,-114.87486699205485,102101A,streamflow_model_precip_only,CO2_variable_objective_function,dream,240.00503183046138
1978,1270.30734581,152.56742008901995,-114.88188116101433,102101A,streamflow_model_precip_only,CO2_variable_objective_function,dream,240.00503183046138
1979,1677.48157142,378.21533480964325,-114.87745948454132,102101A,streamflow_model_precip_only,CO2_variable_objective_function,dream,240.00503183046138
1980,1372.64443471,211.21725835280185,-114.88076983944768,102101A,streamflow_model_precip_only,CO2_variable_objective_function,dream,240.00503183046138
1981,1626.55736547,181.4249051752018,-114.87801249194993,102101A,streamflow_model_precip_only,CO2_variable_objective_function,dream,240.00503183046138
1982,1765.9545941,344.39311391755297,-114.87649871871118,102101A,streamflow_model_precip_only,CO2_variable_objective_function,dream,240.00503183046138
1983,1186.48180255,65.78399529243886,-114.88279145790732,102101A,streamflow_model_precip_only,CO2_variable_objective_function,dream,240.00503183046138
1984,1728.05196314,307.4961006123392,-114.87691031935051,102101A,streamflow_model_precip_only,CO2_variable_objective_function,dream,240.00503183046138
1985,2175.34000185,390.9789801030369,-114.87205303007964,102101A,streamflow_model_precip_only,CO2_variable_objective_function,dream,240.00503183046138
1986,1305.72702058,149.90427674437666,-114.88149652384243,102101A,streamflow_model_precip_only,CO2_variable_objective_function,dream,240.00503183046138
1987,1426.04960744,NA,-114.88018989017549,102101A,streamflow_model_precip_only,CO2_variable_objective_function,dream,240.00503183046138
1988,1195.10355781,47.91936627714747,-114.88269783063429,102101A,streamflow_model_precip_only,CO2_variable_objective_function,dream,240.00503183046138
1989,1691.73940204,273.76740083488875,-114.87730465275128,102101A,streamflow_model_precip_only,CO2_variable_objective_function,dream,240.00503183046138
1990,1427.74516096,NA,-114.88017147744542,102101A,streamflow_model_precip_only,CO2_variable_objective_function,dream,240.00503183046138
1991,1338.47536787,NA,-114.88114089574115,102101A,streamflow_model_precip_only,CO2_variable_objective_function,dream,240.00503183046138
1992,1616.68917251,NA,-114.87811965481511,102101A,streamflow_model_precip_only,CO2_variable_objective_function,dream,240.00503183046138
1993,1236.77407965,NA,-114.88224531288034,102101A,streamflow_model_precip_only,CO2_variable_objective_function,dream,240.00503183046138
1994,1169.9391005,NA,-114.88297110207891,102101A,streamflow_model_precip_only,CO2_variable_objective_function,dream,240.00503183046138
1995,1822.54409501,204.82811772669132,-114.8758841894776,102101A,streamflow_model_precip_only,CO2_variable_objective_function,dream,240.00503183046138
1996,2183.61944857,461.5130704287402,-114.87196312007929,102101A,streamflow_model_precip_only,CO2_variable_objective_function,dream,240.00503183046138
1997,1521.23673265,NA,-114.87915621307708,102101A,streamflow_model_precip_only,CO2_variable_objective_function,dream,240.00503183046138
1998,1661.61494385,189.23209200284657,-114.87763178693528,102101A,streamflow_model_precip_only,CO2_variable_objective_function,dream,240.00503183046138
1999,2338.41945554,426.74810589998617,-114.8702820815808,102101A,streamflow_model_precip_only,CO2_variable_objective_function,dream,240.00503183046138
2000,2061.2923845,400.4694566021035,-114.87329152120881,102101A,streamflow_model_precip_only,CO2_variable_objective_function,dream,240.00503183046138
2001,1397.37251035,335.7868606659158,-114.88050130685548,102101A,streamflow_model_precip_only,CO2_variable_objective_function,dream,240.00503183046138
2002,983.55637466,NA,-114.88499511062854,102101A,streamflow_model_precip_only,CO2_variable_objective_function,dream,240.00503183046138
2003,1371.53896774,NA,-114.88078184417928,102101A,streamflow_model_precip_only,CO2_variable_objective_function,dream,240.00503183046138
2004,1378.80301116,242.6236309150742,-114.88070296087119,102101A,streamflow_model_precip_only,CO2_variable_objective_function,dream,240.00503183046138
2005,1208.1187189299999,265.6126894046234,-114.88255649351593,102101A,streamflow_model_precip_only,CO2_variable_objective_function,dream,240.00503183046138
2006,2557.63896945,564.9305937043223,-114.86790148451419,102101A,streamflow_model_precip_only,CO2_variable_objective_function,dream,240.00503183046138
2007,1370.63715557,138.30891469165684,-114.88079163733761,102101A,streamflow_model_precip_only,CO2_variable_objective_function,dream,240.00503183046138
2008,1338.49796386,159.2944028900665,-114.88114065036177,102101A,streamflow_model_precip_only,CO2_variable_objective_function,dream,240.00503183046138
2009,984.03432256,144.07931358222982,-114.88498992039091,102101A,streamflow_model_precip_only,CO2_variable_objective_function,dream,240.00503183046138
2010,2300.63672015,NA,-114.87069238022362,102101A,streamflow_model_precip_only,CO2_variable_objective_function,dream,240.00503183046138
2011,1645.2131179,434.85389566265013,-114.87780990127395,102101A,streamflow_model_precip_only,CO2_variable_objective_function,dream,240.00503183046138
2012,1124.11877872,166.8845948057304,-114.88346868425886,102101A,streamflow_model_precip_only,CO2_variable_objective_function,dream,240.00503183046138
2013,1501.89632434,235.07874524572281,-114.87936623871973,102101A,streamflow_model_precip_only,CO2_variable_objective_function,dream,240.00503183046138
2014,1360.41343459,326.6959423118773,-114.88090266103134,102101A,streamflow_model_precip_only,CO2_variable_objective_function,dream,240.00503183046138
1959,1676.14868305,NA,-0.921526969541282,102101A,streamflow_model_precip_auto,constant_sd_objective_function,dream,238.1878590429456
1960,1686.16739044,NA,-0.7053609280301917,102101A,streamflow_model_precip_auto,constant_sd_objective_function,dream,238.1878590429456
1961,790.72988564,NA,-3.9877865926598193,102101A,streamflow_model_precip_auto,constant_sd_objective_function,dream,238.1878590429456
1962,1302.21884571,NA,-3.1884120772207134,102101A,streamflow_model_precip_auto,constant_sd_objective_function,dream,238.1878590429456
1963,1324.60660572,NA,-2.83232245500285,102101A,streamflow_model_precip_auto,constant_sd_objective_function,dream,238.1878590429456
1964,1784.06595873,NA,-0.9890588718439525,102101A,streamflow_model_precip_auto,constant_sd_objective_function,dream,238.1878590429456
1965,1684.50656072,NA,-0.7345797806897875,102101A,streamflow_model_precip_auto,constant_sd_objective_function,dream,238.1878590429456
1966,1017.57782902,NA,-3.147527302182227,102101A,streamflow_model_precip_auto,constant_sd_objective_function,dream,238.1878590429456
1967,1378.50397175,NA,-2.6163983823688017,102101A,streamflow_model_precip_auto,constant_sd_objective_function,dream,238.1878590429456
1968,1199.48046184,160.64856617861432,-3.106518214591925,102101A,streamflow_model_precip_auto,constant_sd_objective_function,dream,238.1878590429456
1969,1220.2694694,161.26036996110815,-3.1954854270764166,102101A,streamflow_model_precip_auto,constant_sd_objective_function,dream,238.1878590429456
1970,1350.77528858,180.8583731522971,-2.736652735621839,102101A,streamflow_model_precip_auto,constant_sd_objective_function,dream,238.1878590429456
1971,1411.86069407,404.909788259832,-2.351479783874858,102101A,streamflow_model_precip_auto,constant_sd_objective_function,dream,238.1878590429456
1972,1579.72928332,244.89088369601097,-1.5911726000945436,102101A,streamflow_model_precip_auto,constant_sd_objective_function,dream,238.1878590429456
1973,2383.87510348,415.6965837038844,1.6815821435276552,102101A,streamflow_model_precip_auto,constant_sd_objective_function,dream,238.1878590429456
1974,1239.3199543,360.5272185049299,-1.4937672079505098,102101A,streamflow_model_precip_auto,constant_sd_objective_function,dream,238.1878590429456
1975,2115.81764567,403.15235025739514,0.7100899504348749,102101A,streamflow_model_precip_auto,constant_sd_objective_function,dream,238.1878590429456
1976,1642.09912111,360.8598598802173,-0.3149698583446643,102101A,streamflow_model_precip_auto,constant_sd_objective_function,dream,238.1878590429456
1977,1916.21367383,342.7998557634824,0.3633632646815728,102101A,streamflow_model_precip_auto,constant_sd_objective_function,dream,238.1878590429456
1978,1270.30734581,152.56742008901995,-1.8264742803524237,102101A,streamflow_model_precip_auto,constant_sd_objective_function,dream,238.1878590429456
1979,1677.48157142,378.21533480964325,-1.04604364322118,102101A,streamflow_model_precip_auto,constant_sd_objective_function,dream,238.1878590429456
1980,1372.64443471,211.21725835280185,-1.9228172957677259,102101A,streamflow_model_precip_auto,constant_sd_objective_function,dream,238.1878590429456
1981,1626.55736547,181.4249051752018,-1.269707734596703,102101A,streamflow_model_precip_auto,constant_sd_objective_function,dream,238.1878590429456
1982,1765.9545941,344.39311391755297,-0.5248782002373843,102101A,streamflow_model_precip_auto,constant_sd_objective_function,dream,238.1878590429456
1983,1186.48180255,65.78399529243886,-2.4430864950093714,102101A,streamflow_model_precip_auto,constant_sd_objective_function,dream,238.1878590429456
1984,1728.05196314,307.4961006123392,-1.066462458730898,102101A,streamflow_model_precip_auto,constant_sd_objective_function,dream,238.1878590429456
1985,2175.34000185,390.9789801030369,1.0786696481190519,102101A,streamflow_model_precip_auto,constant_sd_objective_function,dream,238.1878590429456
1986,1305.72702058,149.90427674437666,-1.4501667517027679,102101A,streamflow_model_precip_auto,constant_sd_objective_function,dream,238.1878590429456
1987,1426.04960744,NA,-1.8602603522161572,102101A,streamflow_model_precip_auto,constant_sd_objective_function,dream,238.1878590429456
1988,1195.10355781,47.91936627714747,-2.8654621892274097,102101A,streamflow_model_precip_auto,constant_sd_objective_function,dream,238.1878590429456
1989,1691.73940204,273.76740083488875,-1.3463753696330918,102101A,streamflow_model_precip_auto,constant_sd_objective_function,dream,238.1878590429456
1990,1427.74516096,NA,-1.8185652292662047,102101A,streamflow_model_precip_auto,constant_sd_objective_function,dream,238.1878590429456
1991,1338.47536787,NA,-2.31391906697191,102101A,streamflow_model_precip_auto,constant_sd_objective_function,dream,238.1878590429456
1992,1616.68917251,NA,-1.4398606706632653,102101A,streamflow_model_precip_auto,constant_sd_objective_function,dream,238.1878590429456
1993,1236.77407965,NA,-2.566140885813917,102101A,streamflow_model_precip_auto,constant_sd_objective_function,dream,238.1878590429456
1994,1169.9391005,NA,-3.200124531419445,102101A,streamflow_model_precip_auto,constant_sd_objective_function,dream,238.1878590429456
1995,1822.54409501,204.82811772669132,-0.970080192493713,102101A,streamflow_model_precip_auto,constant_sd_objective_function,dream,238.1878590429456
1996,2183.61944857,461.5130704287402,1.14251792339368,102101A,streamflow_model_precip_auto,constant_sd_objective_function,dream,238.1878590429456
1997,1521.23673265,NA,-0.6207134738335803,102101A,streamflow_model_precip_auto,constant_sd_objective_function,dream,238.1878590429456
1998,1661.61494385,189.23209200284657,-0.6949564218752783,102101A,streamflow_model_precip_auto,constant_sd_objective_function,dream,238.1878590429456
1999,2338.41945554,426.74810589998617,1.8163740311932604,102101A,streamflow_model_precip_auto,constant_sd_objective_function,dream,238.1878590429456
2000,2061.2923845,400.4694566021035,1.632816175163581,102101A,streamflow_model_precip_auto,constant_sd_objective_function,dream,238.1878590429456
2001,1397.37251035,335.7868606659158,-0.9180032534183802,102101A,streamflow_model_precip_auto,constant_sd_objective_function,dream,238.1878590429456
2002,983.55637466,NA,-3.337491575307525,102101A,streamflow_model_precip_auto,constant_sd_objective_function,dream,238.1878590429456
2003,1371.53896774,NA,-2.7071843240668563,102101A,streamflow_model_precip_auto,constant_sd_objective_function,dream,238.1878590429456
2004,1378.80301116,242.6236309150742,-2.465343550162898,102101A,streamflow_model_precip_auto,constant_sd_objective_function,dream,238.1878590429456
2005,1208.1187189299999,265.6126894046234,-3.022709476440584,102101A,streamflow_model_precip_auto,constant_sd_objective_function,dream,238.1878590429456
2006,2557.63896945,564.9305937043223,1.845405915468547,102101A,streamflow_model_precip_auto,constant_sd_objective_function,dream,238.1878590429456
2007,1370.63715557,138.30891469165684,-0.9458197564848043,102101A,streamflow_model_precip_auto,constant_sd_objective_function,dream,238.1878590429456
2008,1338.49796386,159.2944028900665,-2.0166699520614175,102101A,streamflow_model_precip_auto,constant_sd_objective_function,dream,238.1878590429456
2009,984.03432256,144.07931358222982,-3.7097894692051088,102101A,streamflow_model_precip_auto,constant_sd_objective_function,dream,238.1878590429456
2010,2300.63672015,NA,0.648235354693834,102101A,streamflow_model_precip_auto,constant_sd_objective_function,dream,238.1878590429456
2011,1645.2131179,434.85389566265013,-0.32435995162610354,102101A,streamflow_model_precip_auto,constant_sd_objective_function,dream,238.1878590429456
2012,1124.11877872,166.8845948057304,-2.608542948633318,102101A,streamflow_model_precip_auto,constant_sd_objective_function,dream,238.1878590429456
2013,1501.89632434,235.07874524572281,-1.970412782262418,102101A,streamflow_model_precip_auto,constant_sd_objective_function,dream,238.1878590429456
2014,1360.41343459,326.6959423118773,-2.283400081192301,102101A,streamflow_model_precip_auto,constant_sd_objective_function,dream,238.1878590429456
1959,1676.14868305,NA,36.307038639491246,102101A,streamflow_model_precip_auto,CO2_variable_objective_function,dream,237.70467668784562
1960,1686.16739044,NA,36.307259315020055,102101A,streamflow_model_precip_auto,CO2_variable_objective_function,dream,237.70467668784562
1961,790.72988564,NA,36.30167919512687,102101A,streamflow_model_precip_auto,CO2_variable_objective_function,dream,237.70467668784562
1962,1302.21884571,NA,36.303886898902185,102101A,streamflow_model_precip_auto,CO2_variable_objective_function,dream,237.70467668784562
1963,1324.60660572,NA,36.30442399064292,102101A,streamflow_model_precip_auto,CO2_variable_objective_function,dream,237.70467668784562
1964,1784.06595873,NA,36.307404037124954,102101A,streamflow_model_precip_auto,CO2_variable_objective_function,dream,237.70467668784562
1965,1684.50656072,NA,36.30731453075818,102101A,streamflow_model_precip_auto,CO2_variable_objective_function,dream,237.70467668784562
1966,1017.57782902,NA,36.30311281054465,102101A,streamflow_model_precip_auto,CO2_variable_objective_function,dream,237.70467668784562
1967,1378.50397175,NA,36.30462319499833,102101A,streamflow_model_precip_auto,CO2_variable_objective_function,dream,237.70467668784562
1968,1199.48046184,160.64856617861432,36.30377096591438,102101A,streamflow_model_precip_auto,CO2_variable_objective_function,dream,237.70467668784562
1969,1220.2694694,161.26036996110815,36.303748345370494,102101A,streamflow_model_precip_auto,CO2_variable_objective_function,dream,237.70467668784562
1970,1350.77528858,180.8583731522971,36.30456333576844,102101A,streamflow_model_precip_auto,CO2_variable_objective_function,dream,237.70467668784562
1971,1411.86069407,404.909788259832,36.30509311027315,102101A,streamflow_model_precip_auto,CO2_variable_objective_function,dream,237.70467668784562
1972,1579.72928332,244.89088369601097,36.30624182007207,102101A,streamflow_model_precip_auto,CO2_variable_objective_function,dream,237.70467668784562
1973,2383.87510348,415.6965837038844,36.31149498667275,102101A,streamflow_model_precip_auto,CO2_variable_objective_function,dream,237.70467668784562
1974,1239.3199543,360.5272185049299,36.305255429479466,102101A,streamflow_model_precip_auto,CO2_variable_objective_function,dream,237.70467668784562
1975,2115.81764567,403.15235025739514,36.30963546666817,102101A,streamflow_model_precip_auto,CO2_variable_objective_function,dream,237.70467668784562
1976,1642.09912111,360.8598598802173,36.30744923017349,102101A,streamflow_model_precip_auto,CO2_variable_objective_function,dream,237.70467668784562
1977,1916.21367383,342.7998557634824,36.3087768418515,102101A,streamflow_model_precip_auto,CO2_variable_objective_function,dream,237.70467668784562
1978,1270.30734581,152.56742008901995,36.30496162560793,102101A,streamflow_model_precip_auto,CO2_variable_objective_function,dream,237.70467668784562
1979,1677.48157142,378.21533480964325,36.30683169339354,102101A,streamflow_model_precip_auto,CO2_variable_objective_function,dream,237.70467668784562
1980,1372.64443471,211.21725835280185,36.305254471186686,102101A,streamflow_model_precip_auto,CO2_variable_objective_function,dream,237.70467668784562
1981,1626.55736547,181.4249051752018,36.306564699353125,102101A,streamflow_model_precip_auto,CO2_variable_objective_function,dream,237.70467668784562
1982,1765.9545941,344.39311391755297,36.30767492173152,102101A,streamflow_model_precip_auto,CO2_variable_objective_function,dream,237.70467668784562
1983,1186.48180255,65.78399529243886,36.30423759078547,102101A,streamflow_model_precip_auto,CO2_variable_objective_function,dream,237.70467668784562
1984,1728.05196314,307.4961006123392,36.30701900916332,102101A,streamflow_model_precip_auto,CO2_variable_objective_function,dream,237.70467668784562
1985,2175.34000185,390.9789801030369,36.310325833638956,102101A,streamflow_model_precip_auto,CO2_variable_objective_function,dream,237.70467668784562
1986,1305.72702058,149.90427674437666,36.30546217624438,102101A,streamflow_model_precip_auto,CO2_variable_objective_function,dream,237.70467668784562
1987,1426.04960744,NA,36.30534362523226,102101A,streamflow_model_precip_auto,CO2_variable_objective_function,dream,237.70467668784562
1988,1195.10355781,47.91936627714747,36.30387291273251,102101A,streamflow_model_precip_auto,CO2_variable_objective_function,dream,237.70467668784562
1989,1691.73940204,273.76740083488875,36.306725601870355,102101A,streamflow_model_precip_auto,CO2_variable_objective_function,dream,237.70467668784562
1990,1427.74516096,NA,36.30558122506991,102101A,streamflow_model_precip_auto,CO2_variable_objective_function,dream,237.70467668784562
1991,1338.47536787,NA,36.30481539535203,102101A,streamflow_model_precip_auto,CO2_variable_objective_function,dream,237.70467668784562
1992,1616.68917251,NA,36.30642389216021,102101A,streamflow_model_precip_auto,CO2_variable_objective_function,dream,237.70467668784562
1993,1236.77407965,NA,36.30432849311881,102101A,streamflow_model_precip_auto,CO2_variable_objective_function,dream,237.70467668784562
1994,1169.9391005,NA,36.30353262497964,102101A,streamflow_model_precip_auto,CO2_variable_objective_function,dream,237.70467668784562
1995,1822.54409501,204.82811772669132,36.30748540307287,102101A,streamflow_model_precip_auto,CO2_variable_objective_function,dream,237.70467668784562
1996,2183.61944857,461.5130704287402,36.31046157721728,102101A,streamflow_model_precip_auto,CO2_variable_objective_function,dream,237.70467668784562
1997,1521.23673265,NA,36.30683909879239,102101A,streamflow_model_precip_auto,CO2_variable_objective_function,dream,237.70467668784562
1998,1661.61494385,189.23209200284657,36.30706937900173,102101A,streamflow_model_precip_auto,CO2_variable_objective_function,dream,237.70467668784562
1999,2338.41945554,426.74810589998617,36.31135836781653,102101A,streamflow_model_precip_auto,CO2_variable_objective_function,dream,237.70467668784562
2000,2061.2923845,400.4694566021035,36.31038958264308,102101A,streamflow_model_precip_auto,CO2_variable_objective_function,dream,237.70467668784562
2001,1397.37251035,335.7868606659158,36.30604879460647,102101A,streamflow_model_precip_auto,CO2_variable_objective_function,dream,237.70467668784562
2002,983.55637466,NA,36.30267191845157,102101A,streamflow_model_precip_auto,CO2_variable_objective_function,dream,237.70467668784562
2003,1371.53896774,NA,36.3045002819373,102101A,streamflow_model_precip_auto,CO2_variable_objective_function,dream,237.70467668784562
2004,1378.80301116,242.6236309150742,36.30487431358476,102101A,streamflow_model_precip_auto,CO2_variable_objective_function,dream,237.70467668784562
2005,1208.1187189299999,265.6126894046234,36.30387028987577,102101A,streamflow_model_precip_auto,CO2_variable_objective_function,dream,237.70467668784562
2006,2557.63896945,564.9305937043223,36.312159512235255,102101A,streamflow_model_precip_auto,CO2_variable_objective_function,dream,237.70467668784562
2007,1370.63715557,138.30891469165684,36.30619894927868,102101A,streamflow_model_precip_auto,CO2_variable_objective_function,dream,237.70467668784562
2008,1338.49796386,159.2944028900665,36.30492650356317,102101A,streamflow_model_precip_auto,CO2_variable_objective_function,dream,237.70467668784562
2009,984.03432256,144.07931358222982,36.30247331255429,102101A,streamflow_model_precip_auto,CO2_variable_objective_function,dream,237.70467668784562
2010,2300.63672015,NA,36.31029561791512,102101A,streamflow_model_precip_auto,CO2_variable_objective_function,dream,237.70467668784562
2011,1645.2131179,434.85389566265013,36.30758736148597,102101A,streamflow_model_precip_auto,CO2_variable_objective_function,dream,237.70467668784562
2012,1124.11877872,166.8845948057304,36.30383047164846,102101A,streamflow_model_precip_auto,CO2_variable_objective_function,dream,237.70467668784562
2013,1501.89632434,235.07874524572281,36.30552652361816,102101A,streamflow_model_precip_auto,CO2_variable_objective_function,dream,237.70467668784562
2014,1360.41343459,326.6959423118773,36.30494325212439,102101A,streamflow_model_precip_auto,CO2_variable_objective_function,dream,237.70467668784562
1959,1287.75009277,NA,-204.48231742789346,104001A,streamflow_model_precip_only,constant_sd_objective_function,dream,119.53359979819294
1960,1117.59482754,NA,-204.49063430577172,104001A,streamflow_model_precip_only,constant_sd_objective_function,dream,119.53359979819294
1961,659.58965211,NA,-204.51302076032263,104001A,streamflow_model_precip_only,constant_sd_objective_function,dream,119.53359979819294
1962,1132.91305987,NA,-204.489885578617,104001A,streamflow_model_precip_only,constant_sd_objective_function,dream,119.53359979819294
1963,1219.41488883,NA,-204.48565752756764,104001A,streamflow_model_precip_only,constant_sd_objective_function,dream,119.53359979819294
1964,1335.34365939,NA,-204.47999114148183,104001A,streamflow_model_precip_only,constant_sd_objective_function,dream,119.53359979819294
1965,934.52353389,NA,-204.4995824954751,104001A,streamflow_model_precip_only,constant_sd_objective_function,dream,119.53359979819294
1966,890.01394455,NA,-204.5017580427228,104001A,streamflow_model_precip_only,constant_sd_objective_function,dream,119.53359979819294
1967,1108.82302788,NA,-204.49106305528144,104001A,streamflow_model_precip_only,constant_sd_objective_function,dream,119.53359979819294
1968,1388.56990508,NA,-204.47738954002844,104001A,streamflow_model_precip_only,constant_sd_objective_function,dream,119.53359979819294
1969,1058.21009562,NA,-204.4935369227583,104001A,streamflow_model_precip_only,constant_sd_objective_function,dream,119.53359979819294
1970,1239.22813883,NA,-204.48468909217777,104001A,streamflow_model_precip_only,constant_sd_objective_function,dream,119.53359979819294
1971,1373.59589852,69.72329210928393,-204.4781214420577,104001A,streamflow_model_precip_only,constant_sd_objective_function,dream,119.53359979819294
1972,1418.72883265,75.54081580012122,-204.47591542685777,104001A,streamflow_model_precip_only,constant_sd_objective_function,dream,119.53359979819294
1973,1918.76145338,84.47183131833293,-204.45147474771602,104001A,streamflow_model_precip_only,constant_sd_objective_function,dream,119.53359979819294
1974,1418.23369083,95.50573131029778,-204.4759396284835,104001A,streamflow_model_precip_only,constant_sd_objective_function,dream,119.53359979819294
1975,1511.7407583,79.09306724596178,-204.4713691741996,104001A,streamflow_model_precip_only,constant_sd_objective_function,dream,119.53359979819294
1976,1500.21072531,95.85223389561112,-204.47193274110526,104001A,streamflow_model_precip_only,constant_sd_objective_function,dream,119.53359979819294
1977,1246.86391177,73.80648122889042,-204.48431586957452,104001A,streamflow_model_precip_only,constant_sd_objective_function,dream,119.53359979819294
1978,946.15659292,44.98546278493792,-204.49901389284517,104001A,streamflow_model_precip_only,constant_sd_objective_function,dream,119.53359979819294
1979,1603.84675065,86.29338607949182,-204.46686720190272,104001A,streamflow_model_precip_only,constant_sd_objective_function,dream,119.53359979819294
1980,909.03741323,42.65249492906887,-204.50082821039805,104001A,streamflow_model_precip_only,constant_sd_objective_function,dream,119.53359979819294
1981,1578.67962053,68.00930000612983,-204.46809732515203,104001A,streamflow_model_precip_only,constant_sd_objective_function,dream,119.53359979819294
1982,1388.54952804,86.73493485606294,-204.47739053602086,104001A,streamflow_model_precip_only,constant_sd_objective_function,dream,119.53359979819294
1983,842.15615069,21.351730793796357,-204.5040972440782,104001A,streamflow_model_precip_only,constant_sd_objective_function,dream,119.53359979819294
1984,1715.21785646,77.0091518956705,-204.4614235861266,104001A,streamflow_model_precip_only,constant_sd_objective_function,dream,119.53359979819294
1985,1404.05955892,85.51885125326638,-204.47663243410412,104001A,streamflow_model_precip_only,constant_sd_objective_function,dream,119.53359979819294
1986,931.44164098,35.60934979430149,-204.49973313275882,104001A,streamflow_model_precip_only,constant_sd_objective_function,dream,119.53359979819294
1987,1012.51394251,NA,-204.49577046707097,104001A,streamflow_model_precip_only,constant_sd_objective_function,dream,119.53359979819294
1988,969.71022055,NA,-204.4978626346439,104001A,streamflow_model_precip_only,constant_sd_objective_function,dream,119.53359979819294
1989,1179.4091471,NA,-204.4876129349889,104001A,streamflow_model_precip_only,constant_sd_objective_function,dream,119.53359979819294
1990,1044.82137915,NA,-204.49419133870998,104001A,streamflow_model_precip_only,constant_sd_objective_function,dream,119.53359979819294
1991,1180.73210024,NA,-204.4875482714612,104001A,streamflow_model_precip_only,constant_sd_objective_function,dream,119.53359979819294
1992,1295.85131389,NA,-204.4819214550352,104001A,streamflow_model_precip_only,constant_sd_objective_function,dream,119.53359979819294
1993,1297.74225235,NA,-204.48182902942483,104001A,streamflow_model_precip_only,constant_sd_objective_function,dream,119.53359979819294
1994,831.95955863,NA,-204.5045956348322,104001A,streamflow_model_precip_only,constant_sd_objective_function,dream,119.53359979819294
1995,1068.30656725,35.826202642695456,-204.49304342570764,104001A,streamflow_model_precip_only,constant_sd_objective_function,dream,119.53359979819294
1996,1701.47337033,NA,-204.462095391448,104001A,streamflow_model_precip_only,constant_sd_objective_function,dream,119.53359979819294
1997,998.79957371,NA,-204.4964408003124,104001A,streamflow_model_precip_only,constant_sd_objective_function,dream,119.53359979819294
1998,1429.06360165,NA,-204.47541028226786,104001A,streamflow_model_precip_only,constant_sd_objective_function,dream,119.53359979819294
1999,1531.15409824,NA,-204.47042028568137,104001A,streamflow_model_precip_only,constant_sd_objective_function,dream,119.53359979819294
2000,1752.60703236,86.61593409752822,-204.45959607165324,104001A,streamflow_model_precip_only,constant_sd_objective_function,dream,119.53359979819294
2001,1137.44542518,NA,-204.48966404489758,104001A,streamflow_model_precip_only,constant_sd_objective_function,dream,119.53359979819294
2002,883.3267492800001,NA,-204.502084900586,104001A,streamflow_model_precip_only,constant_sd_objective_function,dream,119.53359979819294
2003,913.81388241,NA,-204.50059474532836,104001A,streamflow_model_precip_only,constant_sd_objective_function,dream,119.53359979819294
2004,1308.57119367,69.5338606189686,-204.48129973059656,104001A,streamflow_model_precip_only,constant_sd_objective_function,dream,119.53359979819294
2005,881.31128568,NA,-204.50218341275726,104001A,streamflow_model_precip_only,constant_sd_objective_function,dream,119.53359979819294
2006,1697.69257323,NA,-204.46228018988913,104001A,streamflow_model_precip_only,constant_sd_objective_function,dream,119.53359979819294
2007,1419.17979552,57.676117607599906,-204.4758933846182,104001A,streamflow_model_precip_only,constant_sd_objective_function,dream,119.53359979819294
2008,1183.15458464,40.51519106513776,-204.48742986485834,104001A,streamflow_model_precip_only,constant_sd_objective_function,dream,119.53359979819294
2009,880.67420377,NA,-204.50221455215478,104001A,streamflow_model_precip_only,constant_sd_objective_function,dream,119.53359979819294
2010,1697.8238849,66.32646029857808,-204.4622737716151,104001A,streamflow_model_precip_only,constant_sd_objective_function,dream,119.53359979819294
2011,1615.06186061,89.9412804763205,-204.46631902785825,104001A,streamflow_model_precip_only,constant_sd_objective_function,dream,119.53359979819294
2012,828.237664,40.36627028591083,-204.50477755422844,104001A,streamflow_model_precip_only,constant_sd_objective_function,dream,119.53359979819294
2013,1297.91872171,38.78504362827909,-204.48182040392555,104001A,streamflow_model_precip_only,constant_sd_objective_function,dream,119.53359979819294
2014,1310.71487222,67.6062776490394,-204.48119495151326,104001A,streamflow_model_precip_only,constant_sd_objective_function,dream,119.53359979819294
1959,1287.75009277,NA,29.412477848717902,104001A,streamflow_model_precip_only,CO2_variable_objective_function,dream,112.22290818227495
1960,1117.59482754,NA,28.658862561785313,104001A,streamflow_model_precip_only,CO2_variable_objective_function,dream,112.22290818227495
1961,659.58965211,NA,26.630364053486225,104001A,streamflow_model_precip_only,CO2_variable_objective_function,dream,112.22290818227495
1962,1132.91305987,NA,28.72670679826585,104001A,streamflow_model_precip_only,CO2_variable_objective_function,dream,112.22290818227495
1963,1219.41488883,NA,29.109822187400404,104001A,streamflow_model_precip_only,CO2_variable_objective_function,dream,112.22290818227495
1964,1335.34365939,NA,29.623269088800864,104001A,streamflow_model_precip_only,CO2_variable_objective_function,dream,112.22290818227495
1965,934.52353389,NA,27.848042365850286,104001A,streamflow_model_precip_only,CO2_variable_objective_function,dream,112.22290818227495
1966,890.01394455,NA,27.650910017953937,104001A,streamflow_model_precip_only,CO2_variable_objective_function,dream,112.22290818227495
1967,1108.82302788,NA,28.62001238392716,104001A,streamflow_model_precip_only,CO2_variable_objective_function,dream,112.22290818227495
1968,1388.56990508,NA,29.85900738560757,104001A,streamflow_model_precip_only,CO2_variable_objective_function,dream,112.22290818227495
1969,1058.21009562,NA,28.39584841570636,104001A,streamflow_model_precip_only,CO2_variable_objective_function,dream,112.22290818227495
1970,1239.22813883,NA,29.197574794195347,104001A,streamflow_model_precip_only,CO2_variable_objective_function,dream,112.22290818227495
1971,1373.59589852,69.72329210928393,29.792687720241993,104001A,streamflow_model_precip_only,CO2_variable_objective_function,dream,112.22290818227495
1972,1418.72883265,75.54081580012122,29.992580853484235,104001A,streamflow_model_precip_only,CO2_variable_objective_function,dream,112.22290818227495
1973,1918.76145338,84.47183131833293,32.20721832848524,104001A,streamflow_model_precip_only,CO2_variable_objective_function,dream,112.22290818227495
1974,1418.23369083,95.50573131029778,29.99038787729718,104001A,streamflow_model_precip_only,CO2_variable_objective_function,dream,112.22290818227495
1975,1511.7407583,79.09306724596178,30.404529369694586,104001A,streamflow_model_precip_only,CO2_variable_objective_function,dream,112.22290818227495
1976,1500.21072531,95.85223389561112,30.35346301504282,104001A,streamflow_model_precip_only,CO2_variable_objective_function,dream,112.22290818227495
1977,1246.86391177,73.80648122889042,29.231393525618977,104001A,streamflow_model_precip_only,CO2_variable_objective_function,dream,112.22290818227495
1978,946.15659292,44.98546278493792,27.899565021390487,104001A,streamflow_model_precip_only,CO2_variable_objective_function,dream,112.22290818227495
1979,1603.84675065,86.29338607949182,30.81246552000549,104001A,streamflow_model_precip_only,CO2_variable_objective_function,dream,112.22290818227495
1980,909.03741323,42.65249492906887,27.73516469434231,104001A,streamflow_model_precip_only,CO2_variable_objective_function,dream,112.22290818227495
1981,1578.67962053,68.00930000612983,30.701000653132184,104001A,streamflow_model_precip_only,CO2_variable_objective_function,dream,112.22290818227495
1982,1388.54952804,86.73493485606294,29.85891713598276,104001A,streamflow_model_precip_only,CO2_variable_objective_function,dream,112.22290818227495
1983,842.15615069,21.351730793796357,27.438948519125127,104001A,streamflow_model_precip_only,CO2_variable_objective_function,dream,112.22290818227495
1984,1715.21785646,77.0091518956705,31.305726588051503,104001A,streamflow_model_precip_only,CO2_variable_objective_function,dream,112.22290818227495
1985,1404.05955892,85.51885125326638,29.9276108455554,104001A,streamflow_model_precip_only,CO2_variable_objective_function,dream,112.22290818227495
1986,931.44164098,35.60934979430149,27.834392705309217,104001A,streamflow_model_precip_only,CO2_variable_objective_function,dream,112.22290818227495
1987,1012.51394251,NA,28.193460793488743,104001A,streamflow_model_precip_only,CO2_variable_objective_function,dream,112.22290818227495
1988,969.71022055,NA,28.00388370833028,104001A,streamflow_model_precip_only,CO2_variable_objective_function,dream,112.22290818227495
1989,1179.4091471,NA,28.932637317499065,104001A,streamflow_model_precip_only,CO2_variable_objective_function,dream,112.22290818227495
1990,1044.82137915,NA,28.336549977949765,104001A,streamflow_model_precip_only,CO2_variable_objective_function,dream,112.22290818227495
1991,1180.73210024,NA,28.93849665843014,104001A,streamflow_model_precip_only,CO2_variable_objective_function,dream,112.22290818227495
1992,1295.85131389,NA,29.448358043612846,104001A,streamflow_model_precip_only,CO2_variable_objective_function,dream,112.22290818227495
1993,1297.74225235,NA,29.456732983572408,104001A,streamflow_model_precip_only,CO2_variable_objective_function,dream,112.22290818227495
1994,831.95955863,NA,27.39378795567947,104001A,streamflow_model_precip_only,CO2_variable_objective_function,dream,112.22290818227495
1995,1068.30656725,35.826202642695456,28.440565547169584,104001A,streamflow_model_precip_only,CO2_variable_objective_function,dream,112.22290818227495
1996,1701.47337033,NA,31.244852451452793,104001A,streamflow_model_precip_only,CO2_variable_objective_function,dream,112.22290818227495
1997,998.79957371,NA,28.132720046122852,104001A,streamflow_model_precip_only,CO2_variable_objective_function,dream,112.22290818227495
1998,1429.06360165,NA,30.03835340066219,104001A,streamflow_model_precip_only,CO2_variable_objective_function,dream,112.22290818227495
1999,1531.15409824,NA,30.490510780433933,104001A,streamflow_model_precip_only,CO2_variable_objective_function,dream,112.22290818227495
2000,1752.60703236,86.61593409752822,31.47132272453288,104001A,streamflow_model_precip_only,CO2_variable_objective_function,dream,112.22290818227495
2001,1137.44542518,NA,28.746780580754816,104001A,streamflow_model_precip_only,CO2_variable_objective_function,dream,112.22290818227495
2002,883.3267492800001,NA,27.621292523747318,104001A,streamflow_model_precip_only,CO2_variable_objective_function,dream,112.22290818227495
2003,913.81388241,NA,27.756319609453193,104001A,streamflow_model_precip_only,CO2_variable_objective_function,dream,112.22290818227495
2004,1308.57119367,69.5338606189686,29.504694213035492,104001A,streamflow_model_precip_only,CO2_variable_objective_function,dream,112.22290818227495
2005,881.31128568,NA,27.612366063686483,104001A,streamflow_model_precip_only,CO2_variable_objective_function,dream,112.22290818227495
2006,1697.69257323,NA,31.228107354041327,104001A,streamflow_model_precip_only,CO2_variable_objective_function,dream,112.22290818227495
2007,1419.17979552,57.676117607599906,29.9945781617204,104001A,streamflow_model_precip_only,CO2_variable_objective_function,dream,112.22290818227495
2008,1183.15458464,40.51519106513776,28.949225807914452,104001A,streamflow_model_precip_only,CO2_variable_objective_function,dream,112.22290818227495
2009,880.67420377,NA,27.609544436828475,104001A,streamflow_model_precip_only,CO2_variable_objective_function,dream,112.22290818227495
2010,1697.8238849,66.32646029857808,31.22868893158893,104001A,streamflow_model_precip_only,CO2_variable_objective_function,dream,112.22290818227495
2011,1615.06186061,89.9412804763205,30.862137084967415,104001A,streamflow_model_precip_only,CO2_variable_objective_function,dream,112.22290818227495
2012,828.237664,40.36627028591083,27.377303736482794,104001A,streamflow_model_precip_only,CO2_variable_objective_function,dream,112.22290818227495
2013,1297.91872171,38.78504362827909,29.45751456389666,104001A,streamflow_model_precip_only,CO2_variable_objective_function,dream,112.22290818227495
2014,1310.71487222,67.6062776490394,29.514188535314418,104001A,streamflow_model_precip_only,CO2_variable_objective_function,dream,112.22290818227495
1959,1287.75009277,NA,12.92203844851031,104001A,streamflow_model_precip_auto,constant_sd_objective_function,dream,114.77755501907653
1960,1117.59482754,NA,12.921927750789177,104001A,streamflow_model_precip_auto,constant_sd_objective_function,dream,114.77755501907653
1961,659.58965211,NA,12.921746771167646,104001A,streamflow_model_precip_auto,constant_sd_objective_function,dream,114.77755501907653
1962,1132.91305987,NA,12.922123889256081,104001A,streamflow_model_precip_auto,constant_sd_objective_function,dream,114.77755501907653
1963,1219.41488883,NA,12.921928838001673,104001A,streamflow_model_precip_auto,constant_sd_objective_function,dream,114.77755501907653
1964,1335.34365939,NA,12.922118199517724,104001A,streamflow_model_precip_auto,constant_sd_objective_function,dream,114.77755501907653
1965,934.52353389,NA,12.921775613947721,104001A,streamflow_model_precip_auto,constant_sd_objective_function,dream,114.77755501907653
1966,890.01394455,NA,12.92197156703407,104001A,streamflow_model_precip_auto,constant_sd_objective_function,dream,114.77755501907653
1967,1108.82302788,NA,12.921965960479731,104001A,streamflow_model_precip_auto,constant_sd_objective_function,dream,114.77755501907653
1968,1388.56990508,NA,12.92212362103999,104001A,streamflow_model_precip_auto,constant_sd_objective_function,dream,114.77755501907653
1969,1058.21009562,NA,12.921840237447785,104001A,streamflow_model_precip_auto,constant_sd_objective_function,dream,114.77755501907653
1970,1239.22813883,NA,12.922122287143011,104001A,streamflow_model_precip_auto,constant_sd_objective_function,dream,114.77755501907653
1971,1373.59589852,69.72329210928393,12.922014774270846,104001A,streamflow_model_precip_auto,constant_sd_objective_function,dream,114.77755501907653
1972,1418.72883265,75.54081580012122,12.922108816018921,104001A,streamflow_model_precip_auto,constant_sd_objective_function,dream,114.77755501907653
1973,1918.76145338,84.47183131833293,12.922323658157394,104001A,streamflow_model_precip_auto,constant_sd_objective_function,dream,114.77755501907653
1974,1418.23369083,95.50573131029778,12.921909767498194,104001A,streamflow_model_precip_auto,constant_sd_objective_function,dream,114.77755501907653
1975,1511.7407583,79.09306724596178,12.922227611289689,104001A,streamflow_model_precip_auto,constant_sd_objective_function,dream,114.77755501907653
1976,1500.21072531,95.85223389561112,12.922016720051262,104001A,streamflow_model_precip_auto,constant_sd_objective_function,dream,114.77755501907653
1977,1246.86391177,73.80648122889042,12.922012920314414,104001A,streamflow_model_precip_auto,constant_sd_objective_function,dream,114.77755501907653
1978,946.15659292,44.98546278493792,12.921849770365348,104001A,streamflow_model_precip_auto,constant_sd_objective_function,dream,114.77755501907653
1979,1603.84675065,86.29338607949182,12.922316942650832,104001A,streamflow_model_precip_auto,constant_sd_objective_function,dream,114.77755501907653
1980,909.03741323,42.65249492906887,12.921633682064524,104001A,streamflow_model_precip_auto,constant_sd_objective_function,dream,114.77755501907653
1981,1578.67962053,68.00930000612983,12.922442142642929,104001A,streamflow_model_precip_auto,constant_sd_objective_function,dream,114.77755501907653
1982,1388.54952804,86.73493485606294,12.921817172610634,104001A,streamflow_model_precip_auto,constant_sd_objective_function,dream,114.77755501907653
1983,842.15615069,21.351730793796357,12.921918468215774,104001A,streamflow_model_precip_auto,constant_sd_objective_function,dream,114.77755501907653
1984,1715.21785646,77.0091518956705,12.922334064030956,104001A,streamflow_model_precip_auto,constant_sd_objective_function,dream,114.77755501907653
1985,1404.05955892,85.51885125326638,12.921895265522542,104001A,streamflow_model_precip_auto,constant_sd_objective_function,dream,114.77755501907653
1986,931.44164098,35.60934979430149,12.92191738136738,104001A,streamflow_model_precip_auto,constant_sd_objective_function,dream,114.77755501907653
1987,1012.51394251,NA,12.921947794520948,104001A,streamflow_model_precip_auto,constant_sd_objective_function,dream,114.77755501907653
1988,969.71022055,NA,12.921904651369903,104001A,streamflow_model_precip_auto,constant_sd_objective_function,dream,114.77755501907653
1989,1179.4091471,NA,12.922047893434664,104001A,streamflow_model_precip_auto,constant_sd_objective_function,dream,114.77755501907653
1990,1044.82137915,NA,12.921881597412607,104001A,streamflow_model_precip_auto,constant_sd_objective_function,dream,114.77755501907653
1991,1180.73210024,NA,12.922063457864553,104001A,streamflow_model_precip_auto,constant_sd_objective_function,dream,114.77755501907653
1992,1295.85131389,NA,12.922009819815916,104001A,streamflow_model_precip_auto,constant_sd_objective_function,dream,114.77755501907653
1993,1297.74225235,NA,12.922045378788209,104001A,streamflow_model_precip_auto,constant_sd_objective_function,dream,114.77755501907653
1994,831.95955863,NA,12.921765995721385,104001A,streamflow_model_precip_auto,constant_sd_objective_function,dream,114.77755501907653
1995,1068.30656725,35.826202642695456,12.922075939825731,104001A,streamflow_model_precip_auto,constant_sd_objective_function,dream,114.77755501907653
1996,1701.47337033,NA,12.922225157534195,104001A,streamflow_model_precip_auto,constant_sd_objective_function,dream,114.77755501907653
1997,998.79957371,NA,12.92174217921242,104001A,streamflow_model_precip_auto,constant_sd_objective_function,dream,114.77755501907653
1998,1429.06360165,NA,12.92228993015394,104001A,streamflow_model_precip_auto,constant_sd_objective_function,dream,114.77755501907653
1999,1531.15409824,NA,12.921993656101735,104001A,streamflow_model_precip_auto,constant_sd_objective_function,dream,114.77755501907653
2000,1752.60703236,86.61593409752822,12.922306268098879,104001A,streamflow_model_precip_auto,constant_sd_objective_function,dream,114.77755501907653
2001,1137.44542518,NA,12.921766332456114,104001A,streamflow_model_precip_auto,constant_sd_objective_function,dream,114.77755501907653
2002,883.3267492800001,NA,12.921973857404367,104001A,streamflow_model_precip_auto,constant_sd_objective_function,dream,114.77755501907653
2003,913.81388241,NA,12.92185709783023,104001A,streamflow_model_precip_auto,constant_sd_objective_function,dream,114.77755501907653
2004,1308.57119367,69.5338606189686,12.922149623213697,104001A,streamflow_model_precip_auto,constant_sd_objective_function,dream,114.77755501907653
2005,881.31128568,NA,12.9217260886574,104001A,streamflow_model_precip_auto,constant_sd_objective_function,dream,114.77755501907653
2006,1697.69257323,NA,12.922448215006,104001A,streamflow_model_precip_auto,constant_sd_objective_function,dream,114.77755501907653
2007,1419.17979552,57.676117607599906,12.921830132513975,104001A,streamflow_model_precip_auto,constant_sd_objective_function,dream,114.77755501907653
2008,1183.15458464,40.51519106513776,12.922097911065688,104001A,streamflow_model_precip_auto,constant_sd_objective_function,dream,114.77755501907653
2009,880.67420377,NA,12.92175901611165,104001A,streamflow_model_precip_auto,constant_sd_objective_function,dream,114.77755501907653
2010,1697.8238849,66.32646029857808,12.92242709753352,104001A,streamflow_model_precip_auto,constant_sd_objective_function,dream,114.77755501907653
2011,1615.06186061,89.9412804763205,12.921951591660969,104001A,streamflow_model_precip_auto,constant_sd_objective_function,dream,114.77755501907653
2012,828.237664,40.36627028591083,12.921824300898605,104001A,streamflow_model_precip_auto,constant_sd_objective_function,dream,114.77755501907653
2013,1297.91872171,38.78504362827909,12.922164862839532,104001A,streamflow_model_precip_auto,constant_sd_objective_function,dream,114.77755501907653
2014,1310.71487222,67.6062776490394,12.921952747883727,104001A,streamflow_model_precip_auto,constant_sd_objective_function,dream,114.77755501907653
1959,1287.75009277,NA,57.7028623984803,104001A,streamflow_model_precip_auto,CO2_variable_objective_function,dream,106.85801008428977
1960,1117.59482754,NA,57.661725973000195,104001A,streamflow_model_precip_auto,CO2_variable_objective_function,dream,106.85801008428977
1961,659.58965211,NA,57.57770860950836,104001A,streamflow_model_precip_auto,CO2_variable_objective_function,dream,106.85801008428977
1962,1132.91305987,NA,57.713311750201385,104001A,streamflow_model_precip_auto,CO2_variable_objective_function,dream,106.85801008428977
1963,1219.41488883,NA,57.679901277794166,104001A,streamflow_model_precip_auto,CO2_variable_objective_function,dream,106.85801008428977
1964,1335.34365939,NA,57.718060679244815,104001A,streamflow_model_precip_auto,CO2_variable_objective_function,dream,106.85801008428977
1965,934.52353389,NA,57.61594572094897,104001A,streamflow_model_precip_auto,CO2_variable_objective_function,dream,106.85801008428977
1966,890.01394455,NA,57.64560391603073,104001A,streamflow_model_precip_auto,CO2_variable_objective_function,dream,106.85801008428977
1967,1108.82302788,NA,57.68188566115708,104001A,streamflow_model_precip_auto,CO2_variable_objective_function,dream,106.85801008428977
1968,1388.56990508,NA,57.728902514566236,104001A,streamflow_model_precip_auto,CO2_variable_objective_function,dream,106.85801008428977
1969,1058.21009562,NA,57.63873805096742,104001A,streamflow_model_precip_auto,CO2_variable_objective_function,dream,106.85801008428977
1970,1239.22813883,NA,57.71296919604898,104001A,streamflow_model_precip_auto,CO2_variable_objective_function,dream,106.85801008428977
1971,1373.59589852,69.72329210928393,57.71365484505997,104001A,streamflow_model_precip_auto,CO2_variable_objective_function,dream,106.85801008428977
1972,1418.72883265,75.54081580012122,57.72323245833199,104001A,streamflow_model_precip_auto,CO2_variable_objective_function,dream,106.85801008428977
1973,1918.76145338,84.47183131833293,57.82858011966678,104001A,streamflow_model_precip_auto,CO2_variable_objective_function,dream,106.85801008428977
1974,1418.23369083,95.50573131029778,57.678822061006954,104001A,streamflow_model_precip_auto,CO2_variable_objective_function,dream,106.85801008428977
1975,1511.7407583,79.09306724596178,57.75694277829397,104001A,streamflow_model_precip_auto,CO2_variable_objective_function,dream,106.85801008428977
1976,1500.21072531,95.85223389561112,57.724313805326574,104001A,streamflow_model_precip_auto,CO2_variable_objective_function,dream,106.85801008428977
1977,1246.86391177,73.80648122889042,57.68164578438889,104001A,streamflow_model_precip_auto,CO2_variable_objective_function,dream,106.85801008428977
1978,946.15659292,44.98546278493792,57.63252002636952,104001A,streamflow_model_precip_auto,CO2_variable_objective_function,dream,106.85801008428977
1979,1603.84675065,86.29338607949182,57.79487681514049,104001A,streamflow_model_precip_auto,CO2_variable_objective_function,dream,106.85801008428977
1980,909.03741323,42.65249492906887,57.58077631231528,104001A,streamflow_model_precip_auto,CO2_variable_objective_function,dream,106.85801008428977
1981,1578.67962053,68.00930000612983,57.809335369576466,104001A,streamflow_model_precip_auto,CO2_variable_objective_function,dream,106.85801008428977
1982,1388.54952804,86.73493485606294,57.67976761601584,104001A,streamflow_model_precip_auto,CO2_variable_objective_function,dream,106.85801008428977
1983,842.15615069,21.351730793796357,57.6105651597978,104001A,streamflow_model_precip_auto,CO2_variable_objective_function,dream,106.85801008428977
1984,1715.21785646,77.0091518956705,57.82762633887369,104001A,streamflow_model_precip_auto,CO2_variable_objective_function,dream,106.85801008428977
1985,1404.05955892,85.51885125326638,57.676098847718265,104001A,streamflow_model_precip_auto,CO2_variable_objective_function,dream,106.85801008428977
1986,931.44164098,35.60934979430149,57.631449489903275,104001A,streamflow_model_precip_auto,CO2_variable_objective_function,dream,106.85801008428977
1987,1012.51394251,NA,57.666340373826266,104001A,streamflow_model_precip_auto,CO2_variable_objective_function,dream,106.85801008428977
1988,969.71022055,NA,57.64355632019319,104001A,streamflow_model_precip_auto,CO2_variable_objective_function,dream,106.85801008428977
1989,1179.4091471,NA,57.69806736464154,104001A,streamflow_model_precip_auto,CO2_variable_objective_function,dream,106.85801008428977
1990,1044.82137915,NA,57.64770504725963,104001A,streamflow_model_precip_auto,CO2_variable_objective_function,dream,106.85801008428977
1991,1180.73210024,NA,57.696756566249334,104001A,streamflow_model_precip_auto,CO2_variable_objective_function,dream,106.85801008428977
1992,1295.85131389,NA,57.702951244527114,104001A,streamflow_model_precip_auto,CO2_variable_objective_function,dream,106.85801008428977
1993,1297.74225235,NA,57.70097561238472,104001A,streamflow_model_precip_auto,CO2_variable_objective_function,dream,106.85801008428977
1994,831.95955863,NA,57.60016618928895,104001A,streamflow_model_precip_auto,CO2_variable_objective_function,dream,106.85801008428977
1995,1068.30656725,35.826202642695456,57.690566171931366,104001A,streamflow_model_precip_auto,CO2_variable_objective_function,dream,106.85801008428977
1996,1701.47337033,NA,57.793789637789,104001A,streamflow_model_precip_auto,CO2_variable_objective_function,dream,106.85801008428977
1997,998.79957371,NA,57.60076941281421,104001A,streamflow_model_precip_auto,CO2_variable_objective_function,dream,106.85801008428977
1998,1429.06360165,NA,57.769002199460736,104001A,streamflow_model_precip_auto,CO2_variable_objective_function,dream,106.85801008428977
1999,1531.15409824,NA,57.72641270520344,104001A,streamflow_model_precip_auto,CO2_variable_objective_function,dream,106.85801008428977
2000,1752.60703236,86.61593409752822,57.79112166857319,104001A,streamflow_model_precip_auto,CO2_variable_objective_function,dream,106.85801008428977
2001,1137.44542518,NA,57.63203172414682,104001A,streamflow_model_precip_auto,CO2_variable_objective_function,dream,106.85801008428977
2002,883.3267492800001,NA,57.63794469471875,104001A,streamflow_model_precip_auto,CO2_variable_objective_function,dream,106.85801008428977
2003,913.81388241,NA,57.64231349338361,104001A,streamflow_model_precip_auto,CO2_variable_objective_function,dream,106.85801008428977
2004,1308.57119367,69.5338606189686,57.726712211275554,104001A,streamflow_model_precip_auto,CO2_variable_objective_function,dream,106.85801008428977
2005,881.31128568,NA,57.60100691007118,104001A,streamflow_model_precip_auto,CO2_variable_objective_function,dream,106.85801008428977
2006,1697.69257323,NA,57.8274892837667,104001A,streamflow_model_precip_auto,CO2_variable_objective_function,dream,106.85801008428977
2007,1419.17979552,57.676117607599906,57.67944887873032,104001A,streamflow_model_precip_auto,CO2_variable_objective_function,dream,106.85801008428977
2008,1183.15458464,40.51519106513776,57.68504792940332,104001A,streamflow_model_precip_auto,CO2_variable_objective_function,dream,106.85801008428977
2009,880.67420377,NA,57.61692910517841,104001A,streamflow_model_precip_auto,CO2_variable_objective_function,dream,106.85801008428977
2010,1697.8238849,66.32646029857808,57.821380087908146,104001A,streamflow_model_precip_auto,CO2_variable_objective_function,dream,106.85801008428977
2011,1615.06186061,89.9412804763205,57.72451897267559,104001A,streamflow_model_precip_auto,CO2_variable_objective_function,dream,106.85801008428977
2012,828.237664,40.36627028591083,57.590278868125964,104001A,streamflow_model_precip_auto,CO2_variable_objective_function,dream,106.85801008428977
2013,1297.91872171,38.78504362827909,57.74444805095135,104001A,streamflow_model_precip_auto,CO2_variable_objective_function,dream,106.85801008428977
2014,1310.71487222,67.6062776490394,57.687807929062174,104001A,streamflow_model_precip_auto,CO2_variable_objective_function,dream,106.85801008428977
