gauge,decade,sum_decade_realspace_CO2_off_streamflow,sum_decade_realspace_CO2_on_streamflow,sum_decade_realspace_observed_streamflow,years_of_data,realspace_CO2_off_streamflow_per_year,realspace_a3_on_streamflow_per_year,CO2_impact_on_streamflow_mm_per_year,CO2_impact_on_streamflow_percent,CO2_model,non_CO2_model,evidence_ratio,lat,lon,state,status,parent_catchment,catchment_area_sq_km,record_length,prop_forested,river_di,binned_evidence_ratio,impact_of_CO2_term,IQR_CO2_impact_on_streamflow_percentage,mean_CO2_impact_on_streamflow_percentage,median_CO2_impact_on_streamflow_percentage
701002,2,10.658748721475725,36.95212919711086,37.09725814901161,10,1.0658748721475724,3.6952129197110857,2.6293380475635133,246.6835569794234,219.36066594529385,236.05718756337265,4222.830045007371,-28.8242,114.8455,WA,no_nested,NA,11608.3,51,0.01186,0.210003,Strong,Positive-Intercept,179.77312788773105,503.6301759281829,266.2505690780734
138004B,2,277.94815608276906,947.8352591837438,886.1702050447035,3,92.64938536092302,315.94508639458127,223.29570103365825,241.01152982698392,412.1926110124937,438.1193518946219,426501.1921332328,-25.903611,152.349167,QLD,no_nested,NA,1189,36,0.71588,0.344376,Very Strong,Positive-Slope,75.15545338063725,237.16447303616667,232.9838208676425
411003,2,637.346335088149,995.6505309208515,1151.815901104308,7,91.04947644116415,142.2357901315502,51.18631369038606,56.21813072529031,365.977553093793,383.4647942851451,6270.557816859645,-35.2567,149.5422,NSW,no_nested,NA,63.9,34,0.56136,0.102489,Strong,Positive-Intercept,24.62613795052872,58.97664960717647,57.21419430126544
204036,2,1327.9441481718532,1938.616688494305,1887.5045021043081,7,189.7063068816933,276.9452412134721,87.23893433177881,45.986312087232655,664.7110458290388,678.6615274030592,1069.8147557601362,-28.9341,152.2171,NSW,sub_catchment,204007,238.6,55,0.42426,0.133183,Strong,Positive-Intercept,19.805656834150778,51.037673819591326,49.50009400579323
224213,2,1877.987202795588,2242.637111546834,2347.3482321341107,9,208.66524475506534,249.18190128298158,40.51665652791624,19.417060361669407,472.0047671867191,483.5448951550957,320.55824265014496,-37.493889,147.271389,VIC,sub_catchment,224203,666.3,46,0.8799,0.0627,Moderately Strong,Positive-Intercept,11.218246285551952,23.690948423974355,22.02515418830748
603007,2,1196.789030615465,1426.3514084506967,1586.5653831490117,10,119.67890306154649,142.63514084506966,22.956237783523164,19.181524225466546,361.6100476626411,375.2649449915243,922.8333488800356,-34.9583,117.5032,WA,no_nested,NA,79.7,36,0.35039,0.561872,Moderately Strong,Positive-Intercept,9.863552718884828,23.157802190430065,19.889643639829117
701002,1,19.12980593214851,19.12980593214852,22.022099149011613,10,1.9129805932148511,1.912980593214852,8.881784197001252e-16,4.6429034505127985e-14,219.36066594529385,236.05718756337265,4222.830045007371,-28.8242,114.8455,WA,no_nested,NA,11608.3,51,0.01186,0.210003,Strong,Positive-Intercept,28.03199493575227,65.67215662578442,0.933095494044138
138004B,1,623.556155226467,623.5561552264672,564.6474311192093,8,77.94451940330838,77.9445194033084,2.842170943040401e-14,3.646402549913938e-14,412.1926110124937,438.1193518946219,426501.1921332328,-25.903611,152.349167,QLD,no_nested,NA,1189,36,0.71588,0.344376,Very Strong,Positive-Slope,0,0,0
411003,1,990.6630120714143,990.6630120714145,815.6511131341105,9,110.07366800793493,110.07366800793494,1.4210854715202004e-14,1.291031267730406e-14,365.977553093793,383.4647942851451,6270.557816859645,-35.2567,149.5422,NSW,no_nested,NA,63.9,34,0.56136,0.102489,Strong,Positive-Intercept,0,0,0
405237,1,2225.231716407019,2225.231716407019,2209.9836021490114,10,222.52317164070192,222.52317164070192,0,0,517.5823549452841,528.4298181582352,226.72358912688944,-36.762369,145.585843,VIC,main_catchment,405237,341.5,52,0.13489,0.659453,Moderately Strong,Negative-Slope,0.07798095828137,-0.6806044025798461,0
405251,1,1530.837870959354,1530.837870959354,1535.0211321490115,10,153.0837870959354,153.0837870959354,0,0,444.5980794867888,468.8480581599945,184423.3735354976,-36.968611,145.783889,VIC,no_nested,NA,118.6,47,0.74215,0.148209,Very Strong,Negative-Intercept,1.6134513173054623,-2.3794432005856674,0
603007,1,1275.7745427583334,1275.7745427583334,1223.7528791490117,10,127.57745427583333,127.57745427583333,0,0,361.6100476626411,375.2649449915243,922.8333488800356,-34.9583,117.5032,WA,no_nested,NA,79.7,36,0.35039,0.561872,Moderately Strong,Positive-Intercept,0,0.6885824433941756,0
610008,1,1094.894379690712,1094.894379690712,1159.9616461341104,9,121.65493107674577,121.65493107674577,0,0,283.3050341927397,294.5470921077844,276.17340779054206,-33.806667,115.443611,WA,sub_catchment,610001,15.7,30,0.99974,0.083876,Moderately Strong,Negative-Slope,0,-0.01458621672494213,0
224213,1,2494.939111871697,2494.939111871697,2484.2533821490115,10,249.49391118716972,249.49391118716972,0,0,472.0047671867191,483.5448951550957,320.55824265014496,-37.493889,147.271389,VIC,sub_catchment,224203,666.3,46,0.8799,0.0627,Moderately Strong,Positive-Intercept,0,1.4198722278728106,0
401210,1,4947.123847206069,4947.123847206068,5174.524470149012,10,494.71238472060685,494.7123847206068,-5.684341886080802e-14,-1.1490195235947211e-14,737.9117497643913,748.0504400441931,159.07012455037125,-36.568611,147.413611,VIC,no_nested,NA,412.9,63,0.97714,0.028576,Moderately Strong,Negative-Intercept,0,-0.03826380846925087,0
204036,1,1802.5793356117654,1802.5793356117651,1415.0568011490116,10,180.25793356117654,180.25793356117651,-2.842170943040401e-14,-1.576724467484154e-14,664.7110458290388,678.6615274030592,1069.8147557601362,-28.9341,152.2171,NSW,sub_catchment,204007,238.6,55,0.42426,0.133183,Strong,Positive-Intercept,0,0.01330460000382189,0
410156,1,891.3663621486671,891.366362148667,867.4479241490117,10,89.13663621486671,89.1366362148667,-1.4210854715202004e-14,-1.5942776526754143e-14,352.61940750443,363.35096058179573,213.95731632079065,-35.35,147.55,NSW,no_nested,NA,144.4,36,0.06104,0.24856,Moderately Strong,Negative-Intercept,0,0,0
407214,1,800.8139529699947,800.8139529699946,664.1636271490116,10,80.08139529699947,80.08139529699946,-1.4210854715202004e-14,-1.774551337735553e-14,596.3410732509755,608.1760642564228,371.48017675612306,-37.296944,143.789444,VIC,no_nested,NA,305.7,63,0.28526,0.235117,Moderately Strong,Negative-Intercept,20.19100049347655,-12.054995843996217,-10.905337296406405
231213,1,1901.9768718430153,1895.5630199301222,1767.8904651490116,10,190.19768718430151,189.55630199301223,-0.6413851912892881,-0.3372202894706001,616.0685690209804,630.601972435657,1431.8200945608914,-37.496111,144.359722,VIC,sub_catchment,231211,153.4,59,0.97845,0.13992,Strong,Negative-Intercept,7.830417842209241,-4.773746236133391,-1.063199184221125
401217,1,3106.6110276275076,3089.0893705608946,3088.672804149012,10,310.6611027627508,308.9089370560895,-1.7521657066612875,-0.5640119381148921,529.8714001347741,539.4737374825795,121.65250658431208,-36.756111,147.708611,VIC,no_nested,NA,389.2,48,0.93866,0.019382,Moderately Strong,Negative-Slope,15.018677004197531,-7.624682788702792,-2.254190844847779
405274,1,1592.7575564604458,1580.8214216397485,1579.3505991490115,10,159.2757556460446,158.08214216397485,-1.1936134820697362,-0.7494006085410012,433.5805477740769,444.8516929753676,280.21932514762426,-37.106111,145.605,VIC,no_nested,NA,181.4,44,0.26622,0.226042,Moderately Strong,Negative-Intercept,3.95651089594833,-3.842969307812392,0
405234,1,3047.442543222424,3021.089060668512,2942.4579471490115,10,304.7442543222424,302.1089060668512,-2.635348255391193,-0.864773730107648,535.0197377012706,561.7804206774367,647155.2433680369,-36.888,145.68,VIC,sub_catchment,405237,154.8,54,0.14744,0.529223,Very Strong,Negative-Slope,13.269696290339551,-11.055761270895454,-11.670147570679166
226204,1,3252.269322597235,3218.9886870055802,3315.5670661490117,10,325.22693225972347,321.898868700558,-3.3280635591654573,-1.0233050307493272,669.2639284255879,681.2474009930079,400.1087094103,-38.089,146.16,VIC,main_catchment,226204,562.9,63,0.92791,0.223117,Moderately Strong,Negative-Intercept,12.5803788783856,-7.194829725431664,-4.806538487525019
226205,1,3219.180828689664,3185.9413743099576,3597.2743491341103,9,357.68675874329597,353.99348603443974,-3.6932727088562274,-1.0325438721389206,658.7985409700664,692.1766668796769,17699783.30484961,-37.90701017,146.0221188,VIC,sub_catchment,226204,296.1,60,0.98241,0.175886,Extremely Strong,Negative-Slope,1.410527184807579,-1.2375057944518375,-0.8897901125760794
235205,1,9959.947338382928,9733.336562432914,10327.254552149012,10,995.9947338382929,973.3336562432914,-22.661077595001416,-2.2752206236745636,740.6902327980293,804.9392481519598,89432715554432.84,-38.638056,143.443056,VIC,sub_catchment,235224,4.4,62,1,0.127714,Extremely Strong,Negative-Slope,2.127994062314703,-2.7397715371462397,-2.3749667801237613
230205,1,713.5860328264295,694.366841119257,648.5521911490116,10,71.35860328264295,69.4366841119257,-1.9219191707172456,-2.693325096491522,537.1698193289262,556.1374109951113,13144.988115986129,-37.632,144.8,VIC,no_nested,NA,861.2,60,0.19453,0.260152,Very Strong,Negative-Intercept,8.153429561542769,-4.991504245823002,-3.426905946362399
603005,1,762.9179740234465,730.6866420678425,804.1213651490116,10,76.29179740234466,73.06866420678425,-3.2231331955604077,-4.224744081676796,327.301624801132,342.9009591829704,2439.7898582715575,-34.8276,117.3929,WA,sub_catchment,603004,51.5,36,0.99799,2.37e-4,Strong,Negative-Intercept,28.605600421021165,-23.992010583763776,-25.617818636505973
235219,1,8694.831391206415,8318.285834338365,8417.561876149011,10,869.4831391206415,831.8285834338365,-37.654555686805,-4.330682677169246,603.5996673272317,627.8973611933594,188876.17735386852,-38.7031718,143.4772919,VIC,main_catchment,235219,90.3,51,0.9705,0.152745,Very Strong,Negative-Slope,3.5636435372218576,-3.8189457475173016,-3.582470197443266
405212,1,1110.7567132638753,1038.7090171131572,1030.8194391490115,10,111.07567132638754,103.87090171131572,-7.204769615071811,-6.486361530871271,531.8229496248736,553.6994685056537,56289.282978719675,-37.1,145.06,VIC,no_nested,NA,333.2,56,0.45429,0.660667,Very Strong,Negative-Intercept,7.687590397286028,-6.7552718739606465,-5.562515195650943
608151,1,1593.5844871250972,1482.6572047882707,1543.8166781490115,10,159.35844871250973,148.26572047882706,-11.092728233682664,-6.960866099854219,560.7919506267539,603.7055391127695,2082415266.886701,-34.3272,115.7846,WA,no_nested,NA,770.4,63,0.8285,0.12992,Extremely Strong,Negative-Intercept,5.158457387215502,-9.292348903993346,-8.2668985438120135
616041,1,1565.5038489201813,1450.4031901970743,1498.5057161490115,10,156.55038489201814,145.04031901970743,-11.510065872310719,-7.352307616649986,374.10867859213784,405.8432952769908,7781878.678786208,-32.2479,116.1124,WA,no_nested,NA,81.2,40,0.98158,0.146399,Extremely Strong,Negative-Slope,13.449705286853677,-16.162867608482962,-9.912339084923143
401210,2,4986.729328429584,4596.954259628464,4194.5791751490115,10,498.6729328429584,459.69542596284634,-38.97750688011206,-7.816246744714901,737.9117497643913,748.0504400441931,159.07012455037125,-36.568611,147.413611,VIC,no_nested,NA,412.9,63,0.97714,0.028576,Moderately Strong,Negative-Intercept,7.2419639590418035,-10.29839010024136,-8.615908956672412
235204,1,11285.264557858889,10338.216478770204,10165.10752414901,10,1128.5264557858889,1033.8216478770205,-94.70480790886836,-8.391899669105882,500.8356333759694,553.6377714927872,292306591247.9481,-38.6548305,143.5291815,VIC,sub_catchment,235219,11.1,43,0.9009,0.206489,Extremely Strong,Negative-Slope,3.0298138319640735,-9.929764213714645,-8.909912991537224
314207,1,8361.484069241638,7631.381763663878,7904.112215119209,8,1045.1855086552048,953.9227204579847,-91.26278819722006,-8.73173110815935,602.7347168919313,615.6560996660141,639.5030478786765,-41.250833,146.09,TAS,no_nested,NA,499.6,52,0.93658,0.120321,Moderately Strong,Negative-Intercept,5.533677344234406,-4.613853091638563,-4.137587976029879
407217,1,1378.864402373642,1252.085360152175,1239.3392711490117,10,137.88644023736418,125.2085360152175,-12.67790422214668,-9.19445320389905,550.3693787428605,563.0128098164392,556.5269163709753,-37.15795783,144.2084168,VIC,sub_catchment,407215,294.7,58,0.81284,0.111772,Moderately Strong,Negative-Intercept,6.628703304692074,-8.233788215584658,-8.0423810262252875
613002,1,2624.3173721756857,2377.3386433785363,2323.4820741490116,10,262.4317372175686,237.73386433785362,-24.697872879714964,-9.411160838080814,520.8005099897415,561.1143560482279,567597460.5593387,-33.085833,116.038889,WA,no_nested,NA,147.2,51,0.99712,0.009804,Extremely Strong,Negative-Intercept,20.705764896628107,-20.388726305528216,-16.74202493481154
317200,1,2674.6364151870744,2420.682957388939,2232.9409261490114,10,267.46364151870745,242.0682957388939,-25.39534577981354,-9.494877746976794,544.2822747350956,563.0696008045794,12012.019286947365,-41.2567,146.5667,TAS,no_nested,NA,259.6,53,0.66934,0.180355,Very Strong,Negative-Intercept,9.428455413288669,-12.85755701871891,-11.730431554977548
236216,1,319.4983020088488,288.4119821926727,300.5147641490116,10,31.94983020088488,28.841198219267273,-3.108631981617606,-9.729729272650436,297.47287843916655,309.8229368924385,480.59706995106785,-38.30559215,142.8812902,VIC,sub_catchment,236209,2984.6,40,0.0845,0.660071,Moderately Strong,Negative-Intercept,18.82094923624522,-15.241814450542702,-13.076031846741117
406213,1,1321.4312369573877,1184.9299916568716,1153.8121561490116,10,132.14312369573878,118.49299916568717,-13.650124530051613,-10.329803131853609,395.5342276377089,421.027528820278,343399.7815423948,-37.016111,144.539167,VIC,main_catchment,406213,638,44,0.19307,0.211282,Very Strong,Negative-Intercept,13.836533063015862,-19.84878872837094,-20.00366118814074
613146,1,3056.9640799488807,2696.7990889978837,2773.2969451490117,10,305.6964079948881,269.67990889978836,-36.01649909509973,-11.781786816318105,604.6785435704533,680.9148560535125,35851300646296244,-32.997778,115.921944,WA,no_nested,NA,16.9,60,0.89096,0.343678,Extremely Strong,Negative-Slope,6.334794497821573,-14.47562575983509,-14.1294591917656
305202,1,3134.9111988427885,2757.351650553372,2529.9040541490117,10,313.4911198842789,275.73516505533723,-37.75595482894164,-12.043707918386573,503.4949817668762,515.7826710787242,465.8411312449631,-43.071111,147.236944,TAS,no_nested,NA,17.4,46,0.99296,0.036272,Moderately Strong,Negative-Slope,11.983558604480429,-18.57330109512444,-18.4167013162208
302200,1,1304.5676813711511,1144.6892963261353,962.563892089407,6,217.42794689519187,190.7815493876892,-26.646397507502655,-12.255277156412273,490.63697165229814,500.22518539886875,120.79644705662828,-42.0467,148.075,TAS,no_nested,NA,457.2,43,0.92285,0.085704,Moderately Strong,Negative-Slope,16.192334108141743,-19.315383984373145,-18.47664073757727
210022,1,3714.1942467373865,3248.0389670891104,3335.3032361192095,8,464.2742808421733,406.0048708861388,-58.26940995603451,-12.550643522690152,680.9652551530802,708.6554542018177,1030031.0695564386,-32.3078,151.5117,NSW,no_nested,NA,188.7,56,0.83413,0.10746,Extremely Strong,Negative-Slope,14.97404159407659,-20.906121958467963,-22.30418029166408
230209,1,2544.5812031937203,2220.1719374133745,2224.9088771490115,10,254.45812031937203,222.01719374133745,-32.44092657803458,-12.749023901189618,533.4046066205096,578.6306751289791,6617835927.180732,-37.41050387,144.6260551,VIC,no_nested,NA,5.5,52,1,0.080181,Extremely Strong,Negative-Slope,5.96805303381444,-11.893667515583108,-11.988325554046169
238229,1,1099.5132013186567,956.3603035911991,908.9965661490116,10,109.95132013186567,95.63603035911991,-14.315289772745757,-13.019661569844995,473.0118612387885,495.4242340825248,73584.2599056533,-37.321,141.48,VIC,no_nested,NA,70.6,50,0.03677,0.190414,Very Strong,Negative-Intercept,17.2579210946357,-22.114782553613423,-20.380802300736715
603003,1,589.6952134421058,512.6004414824635,514.0771081490116,10,58.96952134421058,51.260044148246344,-7.709477195964233,-13.073664191647916,429.49177403380895,451.4849779042722,59671.03079117779,-34.6994,117.2169,WA,sub_catchment,603136,230.2,47,0.91173,0.152452,Very Strong,Negative-Intercept,31.048863490612217,-28.230551006110563,-26.67211836826693
227213,1,3856.3582480541772,3334.8012388161333,3296.1278581490114,10,385.6358248054177,333.48012388161334,-52.155700923804375,-13.524599523428835,692.0991746367646,703.3675393228932,279.83001878724514,-38.52579869,146.538118,VIC,no_nested,NA,35,58,0.99976,0.13833,Moderately Strong,Negative-Slope,12.438262672847452,-17.386649468957017,-16.66717450986777
406208,1,2080.9477930543057,1787.1521217773914,1764.2652291490117,10,208.09477930543056,178.71521217773915,-29.379567127691416,-14.118358579563225,667.122276498653,702.2491826806155,42433686.21556485,-37.387778,144.450556,VIC,sub_catchment,406213,37.9,63,0.86208,0.204446,Extremely Strong,Negative-Slope,7.834419035626652,-12.178459548866758,-12.7596475706256
231211,1,1226.1725979042105,1048.6429825856546,1076.0771911490117,10,122.61725979042106,104.86429825856547,-17.75296153185559,-14.478354484677908,422.88638422327074,441.5437538139621,11256.317384857735,-37.63,144.43,VIC,main_catchment,231211,234.5,43,0.98488,0.117132,Very Strong,Negative-Intercept,20.689665048995803,-27.151387088702837,-28.87483273056535
603190,1,883.3646547548244,751.9460303104722,863.2730741490116,10,88.33646547548244,75.19460303104722,-13.141862444435219,-14.877052612075259,545.2228080507736,594.0014219779534,39096819721.74579,-34.7038,117.2921,WA,sub_catchment,603136,57.8,59,0.94146,0.169222,Extremely Strong,Negative-Intercept,8.965216575077505,-14.512273963071715,-14.038438854577551
410713,1,1473.0356104673742,1251.9731133011176,1228.5796271341105,9,163.6706233852638,139.10812370012417,-24.562499685139642,-15.007274474248225,604.4739444762397,614.6191804430586,159.59158904527527,-35.3843,148.9656,ACT,no_nested,NA,226.5,57,0.73243,0.065645,Moderately Strong,Negative-Intercept,11.283984991574387,-15.262782972938185,-14.911908280891788
415223,1,3344.769915227222,2830.6876978649725,2661.8637221490117,10,334.4769915227222,283.0687697864972,-51.40822173622496,-15.369733356601486,601.8530718966985,625.3205851546933,124711.28552760908,-36.88537671,142.2340353,VIC,no_nested,NA,82,50,0.08399,0.549091,Very Strong,Negative-Slope,15.541150707664976,-19.985065046755675,-19.257258892189487
238204,1,370.1595013584708,312.3397670131751,312.80963214901163,10,37.01595013584708,31.23397670131751,-5.781973434529569,-15.620221589098628,438.961551649214,455.1412041548823,3261.12091048466,-37.631,142.34,VIC,main_catchment,238204,576.9,51,0.4873,0.540598,Strong,Negative-Intercept,31.17683388436954,-20.296987474883046,-18.38849040489697
314207,2,7967.639145191761,6637.20709646978,6783.693947119209,8,995.9548931489701,829.6508870587224,-166.30400609024764,-16.697945583101088,602.7347168919313,615.6560996660141,639.5030478786765,-41.250833,146.09,TAS,no_nested,NA,499.6,52,0.93658,0.120321,Moderately Strong,Negative-Intercept,4.795962378813291,-14.177872098645452,-13.904757861515764
319204,1,3090.5609187698237,2561.8829959728623,2422.3999251490113,10,309.05609187698235,256.18829959728623,-52.86779227969612,-17.106212648524586,499.1865161995533,535.4925252563462,76515548.64429492,-41.0667,147.11,TAS,no_nested,NA,303,47,0.79355,0.139274,Extremely Strong,Negative-Slope,11.46427666797268,-24.58833782901043,-24.695598570546856
405238,1,1499.045349559729,1235.7997980068506,1214.8644541490116,10,149.9045349559729,123.57997980068505,-26.324555155287854,-17.560879771262023,440.8144366387576,478.5456604785264,156038280.02450696,-37.120278,144.856944,VIC,sub_catchment,405240,164.3,46,0.23295,0.344173,Extremely Strong,Negative-Slope,14.523711570373152,-25.082601814607703,-23.5529698990292
408202,1,799.6571698787976,656.4523537855214,565.0279281490116,10,79.96571698787976,65.64523537855214,-14.320481609327615,-17.908276382362885,474.5418731792656,488.4622960534608,1053.8563580169396,-37.181944,143.405556,VIC,sub_catchment,408200,76.6,51,0.24152,0.172685,Strong,Negative-Intercept,14.137253879705154,-22.4411422451739,-20.673201008436667
227205,1,3752.1553629863865,3040.1055917024587,3153.0909331490116,10,375.21553629863865,304.01055917024587,-71.20497712839278,-18.97708656491235,624.2921529229999,641.0978958726103,4459.854739233778,-38.35208581,146.6547464,VIC,no_nested,NA,39.2,54,0.97901,0.14814,Strong,Negative-Slope,10.329557746374116,-24.739832164037143,-24.767959903692617
234201,1,385.8937276171848,307.6661246134701,322.0717371490116,10,38.58937276171848,30.766612461347012,-7.822760300371467,-20.271799566879253,479.1500611598592,498.9907343335978,20339.835597870024,-38.012,143.64,VIC,main_catchment,234201,1149.2,58,0.26132,0.348426,Very Strong,Negative-Intercept,20.69072911537048,-24.379845643403605,-23.601082132742768
235219,2,6453.030443726335,5134.055285280388,5353.6635721043085,7,921.861491960905,733.4364693257696,-188.4250226351354,-20.439623986715596,603.5996673272317,627.8973611933594,188876.17735386852,-38.7031718,143.4772919,VIC,main_catchment,235219,90.3,51,0.9705,0.152745,Very Strong,Negative-Slope,4.4005344680616005,-20.287214228494257,-20.335127477149335
406226,1,905.6099969654248,720.030331132838,664.6647131341105,9,100.62333299615831,80.00337012587089,-20.619962870287424,-20.492228051196307,387.2698182658728,398.8194247428475,322.0810553277267,-36.881,144.65,VIC,no_nested,NA,173,41,0.40232,0.178374,Moderately Strong,Negative-Slope,27.75067769735144,-19.980185358435275,-20.395009027855128
303203,1,854.160537487246,676.7403940546313,646.8733721192093,8,106.77006718590575,84.59254925682892,-22.177517929076828,-20.771287790295958,499.1369507992214,529.498017778091,3915812.846310117,-42.435,147.4533,TAS,no_nested,NA,54.1,48,0.37848,0.166935,Extremely Strong,Negative-Slope,21.27950558187047,-34.169041612457875,-34.07660303821732
406235,1,1302.4688646859074,1022.3821855055326,958.2124351490116,10,130.24688646859073,102.23821855055326,-28.008667918037474,-21.504289797201267,349.39951393299145,370.5615923290267,39381.01782172269,-36.948,144.66,VIC,no_nested,NA,213.4,36,0.14373,0.17575,Very Strong,Negative-Intercept,17.473317144759058,-35.067783815598105,-36.55949732882784
226204,2,3055.98348281945,2388.3332951778343,2399.9352551490115,10,305.598348281945,238.83332951778343,-66.76501876416157,-21.84731008512002,669.2639284255879,681.2474009930079,400.1087094103,-38.089,146.16,VIC,main_catchment,226204,562.9,63,0.92791,0.223117,Moderately Strong,Negative-Intercept,8.259925110044698,-23.70937556614848,-23.284930692559115
606001,1,1078.589881570079,842.307349480484,935.7981051490116,10,107.85898815700789,84.23073494804841,-23.628253208959478,-21.906614935571586,406.8202975406122,443.505374641895,92483291.21396533,-34.764167,116.615278,WA,no_nested,NA,473.7,46,0.99825,0.004625,Extremely Strong,Negative-Intercept,18.72756898355995,-28.267649899610376,-29.748870115026843
218005,1,3456.687361225531,2699.1795106029886,2414.4794941490118,10,345.66873612255307,269.91795106029883,-75.75078506225424,-21.914271424129495,660.5749561626516,679.5947967206861,13492.918604889664,-36.1975,149.7606,NSW,sub_catchment,218008,918.9,54,0.92922,0.035956,Very Strong,Negative-Slope,13.488745222598958,-27.24742832004638,-26.529045760841218
616178,1,1830.4760031009246,1397.553702710892,1399.2295791490117,10,183.04760031009246,139.7553702710892,-43.29223003900327,-23.650804471440164,429.72125235635536,476.7633207075287,16407988807.617617,-31.884,116.0948,WA,no_nested,NA,73,49,0.91826,0.11882,Extremely Strong,Negative-Intercept,10.123585698799683,-27.750180431715975,-27.37098077531324
407246,1,601.3266131227174,458.527326382729,429.5478981490116,10,60.132661312271736,45.8527326382729,-14.279928673998839,-23.747375157474735,393.22288703012833,414.9970025522346,53479.71815243953,-36.72893939,144.1360524,VIC,no_nested,NA,186.3,45,0.39265,0.658451,Very Strong,Negative-Slope,23.33292373558447,-35.7440726878237,-37.31073497806185
401217,2,2461.082051502551,1866.7236707940854,1889.4741401192093,8,307.6352564378189,233.34045884926067,-74.29479758855823,-24.150287079847473,529.8714001347741,539.4737374825795,121.65250658431208,-36.756111,147.708611,VIC,no_nested,NA,389.2,48,0.93866,0.019382,Moderately Strong,Negative-Slope,11.39296354999335,-26.43769547982434,-26.110587621267833
401009,1,1872.8331148582881,1412.4335452756225,1495.9468761341104,9,208.09256831758756,156.93706058618028,-51.15550773140728,-24.583053659722516,545.7713008583802,572.7583844970216,724720.845732437,-35.926111,148.100833,NSW,no_nested,NA,215.5,54,0.82601,0.106561,Very Strong,Negative-Intercept,13.583427761027169,-29.320346669102047,-29.17188793322864
410156,2,698.716997039561,519.662961933073,544.4266401490116,10,69.8716997039561,51.9662961933073,-17.905403510648796,-25.626116992306404,352.61940750443,363.35096058179573,213.95731632079065,-35.35,147.55,NSW,no_nested,NA,144.4,36,0.06104,0.24856,Moderately Strong,Negative-Intercept,8.251656872402528,-23.69312337905469,-24.078213471060884
221208,1,2661.76047182021,1945.2667030475636,1955.9711501490115,10,266.176047182021,194.52667030475635,-71.64937687726467,-26.91804076129667,453.5987338971524,470.9301271560333,5800.483931042036,-37.689,149.49,VIC,no_nested,NA,421,42,0.99913,0.113156,Strong,Negative-Slope,16.821230252569897,-24.24243492901208,-24.4163990969642
236213,1,457.9292221792946,328.45146310251755,278.1550631490116,10,45.79292221792946,32.84514631025176,-12.947775907677702,-28.27462254114068,395.4687989455101,405.2377126232909,132.21862980925223,-37.531111,143.466389,VIC,sub_catchment,236209,464.1,46,0.30201,0.416917,Moderately Strong,Negative-Intercept,23.58090741178501,-28.614840108231352,-29.964625181999267
235204,2,3828.159057892056,2742.6716873360865,2783.0330660447034,3,1276.053019297352,914.2238957786955,-361.8291235186565,-28.35533618484714,500.8356333759694,553.6377714927872,292306591247.9481,-38.6548305,143.5291815,VIC,sub_catchment,235219,11.1,43,0.9009,0.206489,Extremely Strong,Negative-Slope,3.478555725075907,-28.96333388280638,-28.56176315324182
405228,1,2292.001523599616,1633.4719930701854,1661.5041611490117,10,229.2001523599616,163.34719930701854,-65.85295305294306,-28.731635810398682,426.1980749345586,458.1524142320763,8685535.803743672,-36.95,145.28,VIC,no_nested,NA,480.6,46,0.14263,0.187411,Extremely Strong,Negative-Intercept,13.957140617716048,-20.205617131790845,-20.799913088189975
606195,1,2524.486928528081,1793.1856077078126,1750.5532281490116,10,252.4486928528081,179.31856077078126,-73.13013208202685,-28.968314811067714,578.6449185750873,618.5630238533332,465700200.79607016,-34.8069,116.5752,WA,main_catchment,606195,245.8,57,0.9911,0.030046,Extremely Strong,Negative-Intercept,9.578282554289338,-30.219103140332,-30.32345809170018
210017,1,1994.073822822119,1414.290063579376,1436.912032089407,6,332.3456371370198,235.71501059656268,-96.63062654045714,-29.07534077259999,512.9133551949919,526.2912705734709,803.4843351664533,-31.9437,151.2797,NSW,no_nested,NA,102.4,44,0.99313,0.045959,Moderately Strong,Negative-Intercept,12.60258497967287,-24.968162288244397,-26.054942641644935
235234,1,1963.0095275586418,1380.3139467831195,1392.2914051490116,10,196.3009527558642,138.03139467831195,-58.26955807755223,-29.683787704291476,364.4105605548102,380.1847460237513,2662.6915057426345,-38.483,143.57,VIC,sub_catchment,235224,76.6,40,0.95727,0.117438,Strong,Negative-Intercept,13.017370573213311,-20.81648647746735,-22.22010094270012
405234,2,2401.779858930137,1687.557730292547,1714.9917851490115,10,240.1779858930137,168.7557730292547,-71.422212863759,-29.737202016330393,535.0197377012706,561.7804206774367,647155.2433680369,-36.888,145.68,VIC,sub_catchment,405237,154.8,54,0.14744,0.529223,Very Strong,Negative-Slope,7.804090454497942,-33.61217968445197,-33.37216462925746
405248,1,693.2352224690326,484.96786123342577,408.8202011490116,10,69.32352224690325,48.496786123342574,-20.82673612356068,-30.042812956595018,449.478108210636,475.7192031569599,499092.8717571014,-36.853611,144.914444,VIC,no_nested,NA,292.1,50,0.67626,0.095684,Very Strong,Negative-Slope,16.077671291559426,-39.68555973106327,-40.68261774959067
238235,1,930.3942118532042,646.2304432049159,634.9578931490116,10,93.03942118532042,64.62304432049159,-28.416376864828834,-30.542297558179904,449.9101447269072,480.99482967797707,5622812.1289278325,-37.98,141.46,VIC,no_nested,NA,600.4,51,0.55944,0.139925,Extremely Strong,Negative-Slope,14.065773123648963,-29.937519351761072,-30.941239865077257
235205,2,11212.576404035644,7741.099569204602,7890.774538149011,10,1121.2576404035644,774.1099569204601,-347.1476834831043,-30.960563475684182,740.6902327980293,804.9392481519598,89432715554432.84,-38.638056,143.443056,VIC,sub_catchment,235224,4.4,62,1,0.127714,Extremely Strong,Negative-Slope,3.4237165005047068,-30.627211803018067,-30.631587756693833
317200,2,2029.2688409959628,1398.3812184064845,1444.2079161341105,9,225.4743156662181,155.37569093405384,-70.09862473216427,-31.089405693522572,544.2822747350956,563.0696008045794,12012.019286947365,-41.2567,146.5667,TAS,no_nested,NA,259.6,53,0.66934,0.180355,Very Strong,Negative-Intercept,9.630764280767677,-33.68671108526959,-33.50656676533957
606185,1,2091.6753564390574,1435.9015649963933,1450.4526061341105,9,232.40837293767305,159.5446183329326,-72.86375460474045,-31.35160479966053,382.4254928068176,425.60838444240073,2382570580.9376626,-34.7648,116.3773,WA,no_nested,NA,379.4,39,0.99651,0.026589,Extremely Strong,Negative-Slope,12.229597977025389,-37.861471314681104,-38.401333093218575
305202,2,3120.718607410906,2134.439559474834,2249.0400791490115,10,312.0718607410906,213.4439559474834,-98.62790479360717,-31.604228769422278,503.4949817668762,515.7826710787242,465.8411312449631,-43.071111,147.236944,TAS,no_nested,NA,17.4,46,0.99296,0.036272,Moderately Strong,Negative-Slope,11.85048687925201,-37.06360006850286,-37.217893388311424
230210,1,1447.7356776644706,985.8379763679147,900.8882361490116,10,144.77356776644706,98.58379763679147,-46.189770129655585,-31.904836526630515,543.3262551099432,578.2888736417999,39087343.07104319,-37.471944,144.524167,VIC,no_nested,NA,39,52,0.99562,0.131838,Extremely Strong,Negative-Slope,17.32014493292964,-37.643532449548786,-37.22832918007996
A2390523,1,85.21970009651345,57.68915539380959,40.88798713411045,9,9.468855566279272,6.409906154867732,-3.0589494114115396,-32.30537618828138,230.6771957462905,249.25640704912087,10824.914467082086,-37.7034,140.3622,SA,no_nested,NA,485.4,39,0.37573,0.41207,Very Strong,Negative-Intercept,28.05681302905572,-42.03533858080944,-43.75689555901909
215002,1,2472.6609293206666,1670.1393015759247,1546.5019501490115,10,247.26609293206667,167.01393015759248,-80.25216277447419,-32.455789559679936,358.24373841015586,369.81244392523087,325.17150718001443,-35.340833,149.739444,NSW,sub_catchment,215207,1396,30,0.65354,0.137628,Moderately Strong,Negative-Slope,17.331843901823426,-34.170279649756694,-34.47023618220602
234200,1,607.5864554923598,403.9656091701019,438.8134711490116,10,60.758645549235986,40.39656091701019,-20.362084632225795,-33.51306542165313,498.8922828665476,529.8178547588104,5192812.137820808,-37.809,143.59,VIC,sub_catchment,234201,309.5,57,0.5259,0.301163,Extremely Strong,Negative-Intercept,15.677885694591517,-35.01560797136819,-36.13789721613896
407217,2,669.7154537710666,426.42007470806476,437.74963310430815,7,95.6736362530095,60.917153529723535,-34.75648272328597,-36.3281715679461,550.3693787428605,563.0128098164392,556.5269163709753,-37.15795783,144.2084168,VIC,sub_catchment,407215,294.7,58,0.81284,0.111772,Moderately Strong,Negative-Intercept,9.632286421582684,-34.66194457297499,-35.150128843325525
226205,2,3042.2998494948333,1935.0156476902976,1987.2191991192092,8,380.28748118685417,241.8769559612872,-138.41052522556697,-36.39628756476446,658.7985409700664,692.1766668796769,17699783.30484961,-37.90701017,146.0221188,VIC,sub_catchment,226204,296.1,60,0.98241,0.175886,Extremely Strong,Negative-Slope,6.593354396201391,-35.98426267882397,-36.0493403516776
410713,2,1123.0766078613954,709.1188745309518,687.3903081192093,8,140.38457598267442,88.63985931636897,-51.74471666630545,-36.859260573392,604.4739444762397,614.6191804430586,159.59158904527527,-35.3843,148.9656,ACT,no_nested,NA,226.5,57,0.73243,0.065645,Moderately Strong,Negative-Intercept,12.841347764632877,-33.54922549516209,-34.29278958079857
227213,2,2708.785668753036,1703.7245422244762,1870.6870971192093,8,338.5982085941295,212.96556777805952,-125.63264081607,-37.10375236115415,692.0991746367646,703.3675393228932,279.83001878724514,-38.52579869,146.538118,VIC,no_nested,NA,35,58,0.99976,0.13833,Moderately Strong,Negative-Slope,13.203286864818544,-40.81801587283598,-41.02480008273869
405237,2,653.2945667750753,410.41191725246915,446.9868740745058,5,130.65891335501504,82.08238345049384,-48.57652990452121,-37.17812176543462,517.5823549452841,528.4298181582352,226.72358912688944,-36.762369,145.585843,VIC,main_catchment,405237,341.5,52,0.13489,0.659453,Moderately Strong,Negative-Slope,14.425155117586804,-34.84850262552682,-35.49625144979417
302200,2,2450.94256543824,1531.5199803218259,1515.0057161490115,10,245.09425654382397,153.15199803218258,-91.9422585116414,-37.51302042249273,490.63697165229814,500.22518539886875,120.79644705662828,-42.0467,148.075,TAS,no_nested,NA,457.2,43,0.92285,0.085704,Moderately Strong,Negative-Slope,13.099436764098492,-40.32468445732293,-40.42347498010696
210022,2,4903.689087786066,3038.0827228507183,3139.696835149012,10,490.3689087786066,303.80827228507184,-186.5606364935348,-38.04495618578538,680.9652551530802,708.6554542018177,1030031.0695564386,-32.3078,151.5117,NSW,no_nested,NA,188.7,56,0.83413,0.10746,Extremely Strong,Negative-Slope,9.4583913147631975,-41.93317297379244,-41.87658528184309
405274,2,1025.3287147458557,632.6263150433689,680.5381541490116,10,102.53287147458556,63.26263150433689,-39.270239970248674,-38.30014648520054,433.5805477740769,444.8516929753676,280.21932514762426,-37.106111,145.605,VIC,no_nested,NA,181.4,44,0.26622,0.226042,Moderately Strong,Negative-Intercept,14.51727030106652,-36.33151289522918,-36.42454489169024
319204,2,3534.2701687378835,2156.3085454691213,2401.6440411490116,10,353.4270168737884,215.63085454691213,-137.79616232687624,-38.988576353257216,499.1865161995533,535.4925252563462,76515548.64429492,-41.0667,147.11,TAS,no_nested,NA,303,47,0.79355,0.139274,Extremely Strong,Negative-Slope,9.045558294979712,-44.202575917999994,-44.216577011951905
227205,2,2946.018377838558,1750.4360007219666,1806.6429891192092,8,368.25229722981976,218.80450009024582,-149.44779713957394,-40.58299113509839,624.2921529229999,641.0978958726103,4459.854739233778,-38.35208581,146.6547464,VIC,no_nested,NA,39.2,54,0.97901,0.14814,Strong,Negative-Slope,10.616873875996866,-45.14191592500419,-45.31976691714213
231213,2,1053.2941912436063,619.5115025213604,645.3694701043081,7,150.4705987490866,88.5016432173372,-61.9689555317494,-41.18343121308644,616.0685690209804,630.601972435657,1431.8200945608914,-37.496111,144.359722,VIC,sub_catchment,231211,153.4,59,0.97845,0.13992,Strong,Negative-Intercept,11.289987056685304,-40.64657258697693,-40.995408185340786
405251,2,982.7135129411446,575.9206075855712,564.4058471341104,9,109.19039032679385,63.991178620619024,-45.19921170617482,-41.39486228678088,444.5980794867888,468.8480581599945,184423.3735354976,-36.968611,145.783889,VIC,no_nested,NA,118.6,47,0.74215,0.148209,Very Strong,Negative-Intercept,9.855466940329263,-41.92962919464093,-42.07221859151848
210017,2,3276.4062087495245,1918.8014991923098,1972.0841411192093,8,409.55077609369056,239.85018739903873,-169.70058869465183,-41.43578735541949,512.9133551949919,526.2912705734709,803.4843351664533,-31.9437,151.2797,NSW,no_nested,NA,102.4,44,0.99313,0.045959,Moderately Strong,Negative-Intercept,11.47948467165687,-39.538022738816,-39.92992058236726
238230,1,1281.163675930162,738.7055135931059,675.5969431490116,10,128.1163675930162,73.8705513593106,-54.24581623370561,-42.34105075943678,429.02724679737514,452.16176374990147,105583.61489783986,-37.87,141.41,VIC,no_nested,NA,201.1,47,0.7987,0.148723,Very Strong,Negative-Intercept,13.500340047268171,-31.55324722658354,-32.32977987029109
216002,1,6073.146431337172,3433.323657746605,2978.9061951341105,9,674.7940479263524,381.48040641628944,-293.31364151006295,-43.46713525577444,594.6953394788039,617.4821641917902,88735.23759045017,-35.468056,150.237222,NSW,no_nested,NA,859.7,46,0.98384,0.04949,Very Strong,Negative-Slope,10.40294113572319,-34.85960849733518,-35.79821980420235
614044,1,525.1263745988783,296.0251102102795,251.53007814901162,10,52.512637459887834,29.602511021027947,-22.910126438859887,-43.62783426439009,460.967008194663,483.88657397027634,94824.48047891482,-32.811111,116.155556,WA,sub_catchment,614006,73.3,56,0.99989,0.083438,Very Strong,Negative-Intercept,11.122714679247103,-51.4184259410571,-52.14564588378375
407214,2,642.8018452621214,353.2924281252268,359.9684081490116,10,64.28018452621214,35.32924281252268,-28.95094171368946,-45.03867237948556,596.3410732509755,608.1760642564228,371.48017675612306,-37.296944,143.789444,VIC,no_nested,NA,305.7,63,0.28526,0.235117,Moderately Strong,Negative-Intercept,14.09846798028498,-45.46768113984449,-46.19463269852535
608151,2,1134.0831198933452,605.4254507232381,625.3765191490116,10,113.40831198933452,60.54254507232381,-52.86576691701071,-46.61542526264078,560.7919506267539,603.7055391127695,2082415266.886701,-34.3272,115.7846,WA,no_nested,NA,770.4,63,0.8285,0.12992,Extremely Strong,Negative-Intercept,5.970570574340478,-47.015770384249485,-47.058844263432434
406213,2,644.6298519101878,341.9178735787091,360.0516991192093,8,80.57873148877347,42.739734197338635,-37.838997291434836,-46.95903818826771,395.5342276377089,421.027528820278,343399.7815423948,-37.016111,144.539167,VIC,main_catchment,406213,638,44,0.19307,0.211282,Very Strong,Negative-Intercept,12.447505743378798,-53.673077596724085,-53.82797681754501
236216,2,232.32660341479888,122.67596545402498,118.68509611920929,8,29.04082542684986,15.334495681753122,-13.706329745096738,-47.19676367195979,297.47287843916655,309.8229368924385,480.59706995106785,-38.30559215,142.8812902,VIC,sub_catchment,236209,2984.6,40,0.0845,0.660071,Moderately Strong,Negative-Intercept,14.755940515133249,-48.18097273057283,-49.22643657803231
208004,1,3040.0448565692222,1603.7848687360317,1365.2315921341103,9,337.7827618410247,178.19831874844797,-159.58444309257672,-47.24469721983152,610.2777954818149,630.4480147474457,23983.218433487054,-31.92,152.31,NSW,main_catchment,208004,6631.4,51,0.84177,0.098338,Very Strong,Negative-Slope,11.738926926945645,-37.42522829279186,-38.09019231709526
405240,1,1532.2541781957527,805.4781065805776,753.3884731341104,9,170.25046424397252,89.49756739784195,-80.75289684613057,-47.43182181894668,430.3521023892945,458.5941136399132,1357296.7900209138,-37.061,145.06,VIC,main_catchment,405240,611.3,45,0.14903,0.634451,Extremely Strong,Negative-Intercept,16.39372286545271,-32.73819767847016,-34.23004246735301
218005,2,2776.4555369432846,1454.474506292056,1508.714529104308,7,396.6365052776121,207.78207232743657,-188.85443295017555,-47.613981677756406,660.5749561626516,679.5947967206861,13492.918604889664,-36.1975,149.7606,NSW,sub_catchment,218008,918.9,54,0.92922,0.035956,Very Strong,Negative-Slope,11.996591238551048,-49.52508735873434,-49.5654540492918
221208,2,3002.2952001678004,1543.1236220456808,1584.1463411490117,10,300.22952001678004,154.31236220456807,-145.91715781221197,-48.601868931495,453.5987338971524,470.9301271560333,5800.483931042036,-37.689,149.49,VIC,no_nested,NA,421,42,0.99913,0.113156,Strong,Negative-Slope,12.562661422733164,-46.66445924045338,-46.833798162968215
230205,2,540.6690799219742,277.67307183780605,281.6662201490116,10,54.06690799219742,27.767307183780606,-26.299600808416816,-48.64269436715745,537.1698193289262,556.1374109951113,13144.988115986129,-37.632,144.8,VIC,no_nested,NA,861.2,60,0.19453,0.260152,Very Strong,Negative-Intercept,11.31930097359993,-46.21630294359756,-46.4932398968236
603005,2,786.6069584248386,402.7956399453391,375.9031031490116,10,78.66069584248386,40.27956399453391,-38.38113184794995,-48.793277807772306,327.301624801132,342.9009591829704,2439.7898582715575,-34.8276,117.3929,WA,sub_catchment,603004,51.5,36,0.99799,2.37e-4,Strong,Negative-Intercept,16.147858950964675,-56.3302478709821,-57.2216449411
401009,2,1397.9494780015307,711.2099467704397,744.5086140894069,6,232.99157966692178,118.53499112840662,-114.45658853851516,-49.124774681616856,545.7713008583802,572.7583844970216,724720.845732437,-35.926111,148.100833,NSW,no_nested,NA,215.5,54,0.82601,0.106561,Very Strong,Negative-Intercept,8.607946525594215,-50.55354190938931,-50.61430180515699
406214,1,1048.1477792634475,531.4592906812034,508.6582661490116,10,104.81477792634476,53.14592906812034,-51.66884885822442,-49.295385517615706,435.49561418772095,460.9471972437364,336310.9737419899,-36.773889,144.428333,VIC,no_nested,NA,236.2,49,0.57363,0.567066,Very Strong,Negative-Intercept,16.136605802665457,-35.890626364039036,-37.944017336859865
208005,1,3126.920788490383,1557.0456174771996,1196.1236181341105,9,347.4356431655981,173.00506860857774,-174.43057455702035,-50.20514676264277,652.7773773497258,671.3625246879537,10857.090731048042,-31.779,152.0746,NSW,sub_catchment,208004,1894,53,0.92406,0.076991,Very Strong,Negative-Slope,11.61621685921758,-40.15685150979892,-40.74057765985538
235234,2,1369.3304407319024,648.8088227169801,643.4009561192094,8,171.1663050914878,81.10110283962251,-90.06520225186529,-52.6185350578934,364.4105605548102,380.1847460237513,2662.6915057426345,-38.483,143.57,VIC,sub_catchment,235224,76.6,40,0.95727,0.117438,Strong,Negative-Intercept,13.705977324747876,-45.03830359937349,-46.0297735238049
405212,2,720.0311157261764,337.7452958229585,350.68674211920927,8,90.00388946577205,42.21816197786981,-47.785727487902236,-53.09295828384714,531.8229496248736,553.6994685056537,56289.282978719675,-37.1,145.06,VIC,no_nested,NA,333.2,56,0.45429,0.660667,Very Strong,Negative-Intercept,9.211568195334834,-51.74959748263678,-52.22046548420012
238229,2,799.0830535565965,370.1140424550603,386.6674941341105,9,88.78700595073295,41.1237824950067,-47.663223455726246,-53.6826565389243,473.0118612387885,495.4242340825248,73584.2599056533,-37.321,141.48,VIC,no_nested,NA,70.6,50,0.03677,0.190414,Very Strong,Negative-Intercept,12.13861105159603,-58.99243195760144,-59.1237788162871
227210,1,3839.354501171784,1742.7340829204093,2161.4906951490116,10,383.9354501171784,174.27340829204093,-209.66204182513746,-54.608669702458556,712.6652432874284,746.9279535383696,27545648.32277043,-38.39502395,146.74407,VIC,no_nested,NA,17.8,61,0.98507,0.17187,Extremely Strong,Negative-Slope,9.940911686996316,-45.83690750594552,-46.25270713377863
234201,2,408.6654609942858,182.59362392567164,181.82581014901163,10,40.86654609942858,18.259362392567162,-22.60718370686142,-55.31953606223043,479.1500611598592,498.9907343335978,20339.835597870024,-38.012,143.64,VIC,main_catchment,234201,1149.2,58,0.26132,0.348426,Very Strong,Negative-Intercept,12.49757847611891,-55.90622098148193,-56.33161761016965
238235,2,1017.423469273877,453.90091701849974,510.53436914901164,10,101.7423469273877,45.390091701849975,-56.352255225537725,-55.387217739095064,449.9101447269072,480.99482967797707,5622812.1289278325,-37.98,141.46,VIC,no_nested,NA,600.4,51,0.55944,0.139925,Extremely Strong,Negative-Slope,10.505743390547764,-55.42998305824491,-55.87172465006744
610008,2,286.4591776790051,125.78141028372774,128.12539804470347,3,95.48639255966837,41.92713676124258,-53.559255798425795,-56.09098256063786,283.3050341927397,294.5470921077844,276.17340779054206,-33.806667,115.443611,WA,sub_catchment,610001,15.7,30,0.99974,0.083876,Moderately Strong,Negative-Slope,16.836358480430498,-50.65321876734139,-51.27229230064076
303203,2,1400.157926418938,602.2863074886837,607.6791641490116,10,140.0157926418938,60.228630748868376,-79.78716189302543,-56.98440182179314,499.1369507992214,529.498017778091,3915812.846310117,-42.435,147.4533,TAS,no_nested,NA,54.1,48,0.37848,0.166935,Extremely Strong,Negative-Slope,10.275165571775894,-60.92170941711645,-60.90947850112954
A2390523,2,35.06651525478047,15.056367368496122,15.583365029802323,2,17.533257627390235,7.528183684248061,-10.005073943142174,-57.06340576158747,230.6771957462905,249.25640704912087,10824.914467082086,-37.7034,140.3622,SA,no_nested,NA,485.4,39,0.37573,0.41207,Very Strong,Negative-Intercept,13.408232468615118,-60.980200492293314,-61.64342838313931
230209,2,1698.9476196786018,726.4387431417715,750.6227131192093,8,212.36845245982522,90.80484289272144,-121.56360956710378,-57.24183990562373,533.4046066205096,578.6306751289791,6617835927.180732,-37.41050387,144.6260551,VIC,no_nested,NA,5.5,52,1,0.080181,Extremely Strong,Negative-Slope,7.485389288613959,-58.12425865188655,-58.19396041405126
406208,2,1791.308913129988,763.6787797632431,720.0047031490117,10,179.1308913129988,76.36787797632431,-102.7630133366745,-57.36755541349634,667.122276498653,702.2491826806155,42433686.21556485,-37.387778,144.450556,VIC,sub_catchment,406213,37.9,63,0.86208,0.204446,Extremely Strong,Negative-Slope,8.825518560235146,-56.890013803576075,-56.99799752098212
405228,2,1715.6617129325218,728.4687682748752,757.5716681490117,10,171.56617129325218,72.84687682748752,-98.71929446576466,-57.54006965453997,426.1980749345586,458.1524142320763,8685535.803743672,-36.95,145.28,VIC,no_nested,NA,480.6,46,0.14263,0.187411,Extremely Strong,Negative-Intercept,10.905681334295338,-51.65927739272384,-51.87456662924544
606195,2,2108.555169889864,890.1479810353655,1035.3896951341105,9,234.28390776554045,98.90533122615173,-135.37857653938872,-57.78398432506461,578.6449185750873,618.5630238533332,465700200.79607016,-34.8069,116.5752,WA,main_catchment,606195,245.8,57,0.9911,0.030046,Extremely Strong,Negative-Intercept,8.01648280527872,-58.52770016502248,-58.57777177277691
405230,1,819.6578302839372,345.9362082076392,359.74373214901163,10,81.96578302839372,34.59362082076392,-47.3721622076298,-57.79504624657784,404.6058846318245,425.8889541059597,41836.93066026479,-36.604,144.81,VIC,no_nested,NA,259.3,47,0.41681,0.163917,Very Strong,Negative-Slope,16.133231831711498,-45.044233566690735,-47.51075427978254
606001,2,963.1304564344705,385.33743416896135,373.5287021490116,10,96.31304564344705,38.53374341689614,-57.77930222655092,-59.99114848932421,406.8202975406122,443.505374641895,92483291.21396533,-34.764167,116.615278,WA,no_nested,NA,473.7,46,0.99825,0.004625,Extremely Strong,Negative-Intercept,10.346665799003858,-63.969024818582746,-64.08962225228301
613002,2,2149.9838073994956,852.9099038446926,760.9099131490116,10,214.99838073994957,85.29099038446927,-129.7073903554803,-60.329473137924396,520.8005099897415,561.1143560482279,567597460.5593387,-33.085833,116.038889,WA,no_nested,NA,147.2,51,0.99712,0.009804,Extremely Strong,Negative-Intercept,8.509539866470824,-63.48722974791901,-63.34429398236618
216002,2,7843.5584073999235,3110.1860767316452,3521.7159341490114,10,784.3558407399923,311.0186076731645,-473.3372330668278,-60.34725675278491,594.6953394788039,617.4821641917902,88735.23759045017,-35.468056,150.237222,NSW,no_nested,NA,859.7,46,0.98384,0.04949,Very Strong,Negative-Slope,10.961690725030325,-54.929841650446654,-55.74039027837557
406226,2,680.986835234018,261.23526785657356,229.48575713411043,9,75.6652039148909,29.026140872952617,-46.63906304193828,-61.63871981948061,387.2698182658728,398.8194247428475,322.0810553277267,-36.881,144.65,VIC,no_nested,NA,173,41,0.40232,0.178374,Moderately Strong,Negative-Slope,19.184337496974383,-58.64004115949456,-60.553334097436405
231211,2,1015.9187099191608,382.5270078287795,376.5160251490116,10,101.59187099191608,38.25270078287795,-63.33917020903813,-62.34669131556617,422.88638422327074,441.5437538139621,11256.317384857735,-37.63,144.43,VIC,main_catchment,231211,234.5,43,0.98488,0.117132,Very Strong,Negative-Intercept,12.597774063435722,-67.00392473069121,-67.82594816192112
215002,2,655.3401458879706,241.96050090597691,361.8989800298023,2,327.6700729439853,120.98025045298846,-206.68982249099685,-63.07863902063774,358.24373841015586,369.81244392523087,325.17150718001443,-35.340833,149.739444,NSW,sub_catchment,215207,1396,30,0.65354,0.137628,Moderately Strong,Negative-Slope,18.66662688007574,-64.02310448077903,-65.50012261082568
606185,2,670.1184416745191,246.1036378733222,264.0140850447035,3,223.37281389150635,82.03454595777407,-141.33826793373228,-63.27460601466981,382.4254928068176,425.60838444240073,2382570580.9376626,-34.7648,116.3773,WA,no_nested,NA,379.4,39,0.99651,0.026589,Extremely Strong,Negative-Slope,8.575013200087554,-66.77835107887819,-67.08802318338876
238230,2,1319.2903547188316,479.6898149332013,563.2954991490116,10,131.92903547188317,47.96898149332013,-83.96005397856304,-63.640315172664685,429.02724679737514,452.16176374990147,105583.61489783986,-37.87,141.41,VIC,no_nested,NA,201.1,47,0.7987,0.148723,Very Strong,Negative-Intercept,11.353861846830329,-56.87971612616908,-57.767564573719554
208004,2,3693.0167725605106,1302.1090117693866,1619.7143151490116,10,369.30167725605105,130.21090117693865,-239.0907760791124,-64.74131876561762,610.2777954818149,630.4480147474457,23983.218433487054,-31.92,152.31,NSW,main_catchment,208004,6631.4,51,0.84177,0.098338,Very Strong,Negative-Slope,10.9731298844047,-59.14786086758074,-59.81018310381343
234200,2,618.4304340053527,213.58932124619056,202.7194211490116,10,61.84304340053527,21.358932124619056,-40.48411127591622,-65.46267623621806,498.8922828665476,529.8178547588104,5192812.137820808,-37.809,143.59,VIC,sub_catchment,234201,309.5,57,0.5259,0.301163,Extremely Strong,Negative-Intercept,10.306057632432868,-65.75767445405887,-66.1278817504962
616178,2,1116.5275244118689,384.7016757146713,407.9985001341105,9,124.05861382354098,42.74463063496348,-81.31398318857751,-65.54481037829201,429.72125235635536,476.7633207075287,16407988807.617617,-31.884,116.0948,WA,no_nested,NA,73,49,0.91826,0.11882,Extremely Strong,Negative-Intercept,6.674398056807419,-68.00993527603138,-68.01778955740303
236213,2,378.833772225288,129.6929930591896,125.28844414901161,10,37.8833772225288,12.96929930591896,-24.91407791660984,-65.76519767565425,395.4687989455101,405.2377126232909,132.21862980925223,-37.531111,143.466389,VIC,sub_catchment,236209,464.1,46,0.30201,0.416917,Moderately Strong,Negative-Intercept,19.02283960366205,-64.79467045587266,-67.10323551081039
613146,2,2530.6248928095865,826.1101827693653,825.4828081490116,10,253.06248928095866,82.61101827693653,-170.45147100402212,-67.35548657896156,604.6785435704533,680.9148560535125,35851300646296244,-32.997778,115.921944,WA,no_nested,NA,16.9,60,0.89096,0.343678,Extremely Strong,Negative-Slope,4.4886564877425315,-67.7150804251728,-67.79153857223092
603003,2,557.921519678735,174.55949951219466,159.11388214901163,10,55.792151967873494,17.455949951219466,-38.33620201665403,-68.71253512273368,429.49177403380895,451.4849779042722,59671.03079117779,-34.6994,117.2169,WA,sub_catchment,603136,230.2,47,0.91173,0.152452,Very Strong,Negative-Intercept,12.662105594662364,-70.80173386065871,-71.44336621117147
405238,2,759.0048157778571,236.29441402941814,297.03141611920927,8,94.87560197223213,29.536801753677267,-65.33880021855487,-68.86786366602237,440.8144366387576,478.5456604785264,156038280.02450696,-37.120278,144.856944,VIC,sub_catchment,405240,164.3,46,0.23295,0.344173,Extremely Strong,Negative-Slope,8.859179877501916,-70.56740965739212,-70.92380846211476
238204,2,340.0739339899939,105.09100028784333,102.94722814901162,10,34.00739339899939,10.509100028784333,-23.49829337021506,-69.09760208468802,438.961551649214,455.1412041548823,3261.12091048466,-37.631,142.34,VIC,main_catchment,238204,576.9,51,0.4873,0.540598,Strong,Negative-Intercept,14.054429092898651,-68.77743279853252,-69.84552011536144
415223,2,1926.8815652165392,567.2078776242706,561.1155061043082,7,275.2687950309342,81.02969680346723,-194.23909822746697,-70.56342808694997,601.8530718966985,625.3205851546933,124711.28552760908,-36.88537671,142.2340353,VIC,no_nested,NA,82,50,0.08399,0.549091,Very Strong,Negative-Slope,11.726334626137408,-68.49110183983304,-69.11737225501727
603190,2,856.505547266145,250.49119570801938,241.12190014901162,10,85.6505547266145,25.04911957080194,-60.60143515581257,-70.75428215175549,545.2228080507736,594.0014219779534,39096819721.74579,-34.7038,117.2921,WA,sub_catchment,603136,57.8,59,0.94146,0.169222,Extremely Strong,Negative-Intercept,6.488387211294636,-69.53814280263579,-69.87289614285159
208005,2,3506.4278883301868,932.0585670433403,1392.2825151490115,10,350.6427888330187,93.20585670433402,-257.4369321286847,-73.41857306846826,652.7773773497258,671.3625246879537,10857.090731048042,-31.779,152.0746,NSW,sub_catchment,208004,1894,53,0.92406,0.076991,Very Strong,Negative-Slope,11.396500749476722,-67.54416448106245,-68.50298149185899
230210,2,1369.6709201920876,344.7683746336928,313.73598714901163,10,136.96709201920876,34.47683746336928,-102.49025455583948,-74.8283788791149,543.3262551099432,578.2888736417999,39087343.07104319,-37.471944,144.524167,VIC,no_nested,NA,39,52,0.99562,0.131838,Extremely Strong,Negative-Slope,9.172770612007485,-76.841444820498225,-77.46258696557219
405240,2,1553.0672464353452,376.8642498259359,436.3372921490116,10,155.30672464353452,37.686424982593586,-117.62029966094093,-75.73419626929045,430.3521023892945,458.5941136399132,1357296.7900209138,-37.061,145.06,VIC,main_catchment,405240,611.3,45,0.14903,0.634451,Extremely Strong,Negative-Intercept,11.007705901511706,-67.55850856674995,-68.4199948001942
408202,2,341.3484288257287,78.18539655205034,104.10188610430814,7,48.76406126081839,11.16934236457862,-37.59471889623977,-77.09513507326939,474.5418731792656,488.4622960534608,1053.8563580169396,-37.181944,143.405556,VIC,sub_catchment,408200,76.6,51,0.24152,0.172685,Strong,Negative-Intercept,16.101680460838196,-71.04531657367122,-72.83929437698065
227210,2,3099.617342994476,693.8390645374315,833.7382151192093,8,387.4521678743095,86.72988306717893,-300.72228480713056,-77.61533157937721,712.6652432874284,746.9279535383696,27545648.32277043,-38.39502395,146.74407,VIC,no_nested,NA,17.8,61,0.98507,0.17187,Extremely Strong,Negative-Slope,8.846434050369083,-73.97230528611718,-74.54640956985355
406214,2,862.197687044164,157.33021245815178,168.9559291490116,10,86.2197687044164,15.733021245815177,-70.48674745860122,-81.75242002822806,435.49561418772095,460.9471972437364,336310.9737419899,-36.773889,144.428333,VIC,no_nested,NA,236.2,49,0.57363,0.567066,Very Strong,Negative-Intercept,10.466542425587631,-74.85288448198007,-76.05070694718198
406235,2,648.3110134165925,110.56687922659935,132.9021371043081,7,92.61585905951321,15.795268460942765,-76.82059059857045,-82.94539550640779,349.39951393299145,370.5615923290267,39381.01782172269,-36.948,144.66,VIC,no_nested,NA,213.4,36,0.14373,0.17575,Very Strong,Negative-Intercept,8.255797115016748,-85.79201285929652,-86.85228962167099
616041,2,1407.6087922805486,214.49167185278137,204.5801861490116,10,140.76087922805488,21.449167185278135,-119.31171204277675,-84.76198265959458,374.10867859213784,405.8432952769908,7781878.678786208,-32.2479,116.1124,WA,no_nested,NA,81.2,40,0.98158,0.146399,Extremely Strong,Negative-Slope,5.346697211876631,-85.09906737220363,-85.22901248959063
405248,2,489.55940359041796,71.23758894614765,98.63324614901161,10,48.9559403590418,7.123758894614765,-41.83218146442703,-85.44863229595985,449.478108210636,475.7192031569599,499092.8717571014,-36.853611,144.914444,VIC,no_nested,NA,292.1,50,0.67626,0.095684,Very Strong,Negative-Slope,7.925659643449592,-86.79922500652737,-87.85091757949358
614044,2,452.44152064974134,49.336051361639385,56.863675149011605,10,45.24415206497413,4.933605136163939,-40.31054692881019,-89.09559598093716,460.967008194663,483.88657397027634,94824.48047891482,-32.811111,116.155556,WA,sub_catchment,614006,73.3,56,0.99989,0.083438,Very Strong,Negative-Intercept,5.457527777295695,-90.1277278099164,-90.73964720737384
405230,2,564.1092551966107,46.216872394836734,67.04198313411045,9,62.67880613295674,5.135208043870748,-57.54359808908599,-91.8071061644382,404.6058846318245,425.8889541059597,41836.93066026479,-36.604,144.81,VIC,no_nested,NA,259.3,47,0.41681,0.163917,Very Strong,Negative-Slope,7.875202268714261,-87.81366116799427,-88.99401510509377
407246,2,216.03725286577077,14.515238541885257,17.780385104308127,7,30.86246469511011,2.073605505983608,-28.7888591891265,-93.28114093780671,393.22288703012833,414.9970025522346,53479.71815243953,-36.72893939,144.1360524,VIC,no_nested,NA,186.3,45,0.39265,0.658451,Very Strong,Negative-Slope,7.012998092163684,-93.49832757220818,-95.04845233874056
